{
 "name"         : "Explore [COLOR FF0084FF]-[/COLOR] QlickPlay's YouTube ([COLOR FF0084FF]Q[/COLOR])",
 "repository"   : "repository.q",
 "plugin"       : "script.qlickplay",
 "priority"     : 700,
 "id"           : "explore.qlickplay_yt.q",
 "filters"      : {},
 "postprocess"  : "",
 "movies"       : [
  [
   {
    "link"      : "plugin://script.qlickplay/?info=youtubesearch&id={title}+{year}",
    "steps"     : [
     ".*{title}.*{year}.*"
     ],
    "action"    : "PLAY"
   }
  ]
 ],
 "tvshows"      : [
  [
   {
    "link"      : "plugin://script.qlickplay/?info=youtubesearch&id={clearname}+{season}x{episode}",
    "steps"     : [
     ".*{clearname}.*{season}x{episode}.*"
     ],
    "action"    : "PLAY"
   }
  ]
 ],
 "musicvideos"  : [
  [
   {
    "link"      : "plugin://script.qlickplay/?info=youtubesearch&id={artist}+{track}",
    "steps"     : [
     ".*{artist}.*{track}.*"
     ],
    "action"    : "PLAY"
   }
  ]
 ],
 "music"        : [
  [
   {
    "link"      : "plugin://script.qlickplay/?info=youtubesearch&id={artist}+{track}",
    "steps"     : [
     ".*{artist}.*{track}.*"
     ],
    "action"    : "PLAY"
   }
  ]
 ],
 "live"         : []
}
