{
 "name"         : "Search [COLOR ff0084ff]-[/COLOR] HD Box ([COLOR FF0084FF]Q[/COLOR])",
 "repository"   : "repository.mdrepo",
 "plugin"       : "plugin.video.mdhdbox",
 "priority"     : 900,
 "id"           : "search.hdbox.q",
 "filters"      : {},
 "postprocess"  : "",
 "movies"       : [
  [
   {
    "link"      : "plugin://plugin.video.mdhdbox/?description&iconimage=special://home/addons/plugin.video.mdhdbox/icon.png&mode=1&name=&url=http://xmovies8.org//results?q={title}",
    "steps"     : [
     "($$.*$$){title}($$.*$$)"
     ],
    "action"    : "PLAY"
   }
  ]
 ],
 "tvshows"      : [],
 "musicvideos"  : [],
 "music"        : [],
 "live"         : []
}