<favourites>
    <favourite name="Anaheim Ducks" thumb="http://content.sportslogos.net/logos/1/1736/full/1651_anaheim_ducks-primary-2014.gif">PlayMedia(&quot;plugin://plugin.video.SportsDevil/?mode=1&amp;item=catcher%3dstreams%26url=http://10livestreams.com/nhl/ducks.php%26referer=http://10livestreams.com/</favourite>
    <favourite name="Arizona Coyotes" thumb="http://content.sportslogos.net/logos/1/5263/full/7807_arizona_coyotes-primary-2015.png">PlayMedia(&quot;plugin://plugin.video.SportsDevil/?mode=1&amp;item=catcher%3dstreams%26url=http://10livestreams.com/nhl/coyotes.php%26referer=http://10livestreams.com/</favourite>
    <favourite name="Boston Bruins" thumb="http://content.sportslogos.net/logos/1/3/full/venf9fmhgnsawnxxvehf.png">PlayMedia(&quot;plugin://plugin.video.SportsDevil/?mode=1&amp;item=catcher%3dstreams%26url=http://10livestreams.com/nhl/bruins.php%26referer=http://10livestreams.com/</favourite>
    <favourite name="Buffalo Sabres" thumb="http://content.sportslogos.net/logos/1/4/full/i40oxcdbo7xtfamqqhqachoyo.png">PlayMedia(&quot;plugin://plugin.video.SportsDevil/?mode=1&amp;item=catcher%3dstreams%26url=http://10livestreams.com/nhl/sabres.php%26referer=http://10livestreams.com/</favourite>
    <favourite name="Calgary Flames" thumb="http://content.sportslogos.net/logos/1/5/full/50.png">PlayMedia(&quot;plugin://plugin.video.SportsDevil/?mode=1&amp;item=catcher%3dstreams%26url=http://10livestreams.com/nhl/flames.php%26referer=http://10livestreams.com/</favourite>
    <favourite name="Carolina Hurricanes" thumb="http://content.sportslogos.net/logos/1/6/full/fotih31tn5r345nufo5xxayh3.png">PlayMedia(&quot;plugin://plugin.video.SportsDevil/?mode=1&amp;item=catcher%3dstreams%26url=http://10livestreams.com/nhl/hurricanes.php%26referer=http://10livestreams.com/</favourite>
    <favourite name="Chicago Blackhawks" thumb="http://content.sportslogos.net/logos/1/7/full/56.png">PlayMedia(&quot;plugin://plugin.video.SportsDevil/?mode=1&amp;item=catcher%3dstreams%26url=http://10livestreams.com/nhl/blackhawks.php%26referer=http://10livestreams.com/</favourite>
    <favourite name="Colorado Avalanche" thumb="http://content.sportslogos.net/logos/1/8/full/64.png">PlayMedia(&quot;plugin://plugin.video.SportsDevil/?mode=1&amp;item=catcher%3dstreams%26url=http://10livestreams.com/nhl/avalanche.php%26referer=http://10livestreams.com/</favourite>
    <favourite name="Columbus Blue Jackets" thumb="http://content.sportslogos.net/logos/1/9/full/jhepegs329pc7ugyypebl28wg.png">PlayMedia(&quot;plugin://plugin.video.SportsDevil/?mode=1&amp;item=catcher%3dstreams%26url=http://10livestreams.com/nhl/jackets.php%26referer=http://10livestreams.com/</favourite>
    <favourite name="Dallas Stars" thumb="http://content.sportslogos.net/logos/1/10/full/7917_dallas_stars-primary-2014.png">PlayMedia(&quot;plugin://plugin.video.SportsDevil/?mode=1&amp;item=catcher%3dstreams%26url=http://10livestreams.com/nhl/stars.php%26referer=http://10livestreams.com/</favourite>
    <favourite name="Detroit Red Wings" thumb="http://content.sportslogos.net/logos/1/11/full/yo3wysbjtagzmwj37tb11u0fh.png">PlayMedia(&quot;plugin://plugin.video.SportsDevil/?mode=1&amp;item=catcher%3dstreams%26url=http://10livestreams.com/nhl/wings.php%26referer=http://10livestreams.com/</favourite>
    <favourite name="Edmonton Oilers" thumb="http://content.sportslogos.net/logos/1/12/full/6cphie5heyvfwn6lbzfowe61h.png">PlayMedia(&quot;plugin://plugin.video.SportsDevil/?mode=1&amp;item=catcher%3dstreams%26url=http://10livestreams.com/nhl/oilers.php%26referer=http://10livestreams.com/</favourite>
    <favourite name="Florida Panthers" thumb="http://content.sportslogos.net/logos/1/13/full/8078_florida_panthers-primary-2017.png">PlayMedia(&quot;plugin://plugin.video.SportsDevil/?mode=1&amp;item=catcher%3dstreams%26url=http://10livestreams.com/nhl/panthers.php%26referer=http://10livestreams.com/</favourite>
    <favourite name="Los Angeles Kings" thumb="http://content.sportslogos.net/logos/1/14/full/71jepx81eqzz1l6q9g1g5j1lh.png">PlayMedia(&quot;plugin://plugin.video.SportsDevil/?mode=1&amp;item=catcher%3dstreams%26url=http://10livestreams.com/nhl/kings.php%26referer=http://10livestreams.com/</favourite>
    <favourite name="Minnesota Wild" thumb="http://content.sportslogos.net/logos/1/15/full/8810_minnesota_wild-primary-2014.png">PlayMedia(&quot;plugin://plugin.video.SportsDevil/?mode=1&amp;item=catcher%3dstreams%26url=http://10livestreams.com/nhl/wild.php%26referer=http://10livestreams.com/</favourite>
    <favourite name="Montr�al Canadiens" thumb="http://content.sportslogos.net/logos/1/16/full/124.png">PlayMedia(&quot;plugin://plugin.video.SportsDevil/?mode=1&amp;item=catcher%3dstreams%26url=http://10livestreams.com/nhl/canadiens2.php%26referer=http://10livestreams.com/</favourite>
    <favourite name="Nashville Predators" thumb="http://content.sportslogos.net/logos/1/17/full/lvchw3qfsun2e7oc02kh2zxb6.png">PlayMedia(&quot;plugin://plugin.video.SportsDevil/?mode=1&amp;item=catcher%3dstreams%26url=http://10livestreams.com/nhl/predators.php%26referer=http://10livestreams.com/</favourite>
    <favourite name="New Jersey Devils" thumb="http://content.sportslogos.net/logos/1/18/full/32tfs723a3bes0p0hb4hgcy1u.png">PlayMedia(&quot;plugin://plugin.video.SportsDevil/?mode=1&amp;item=catcher%3dstreams%26url=http://10livestreams.com/nhl/devils.php%26referer=http://10livestreams.com/</favourite>
    <favourite name="New York Islanders" thumb="http://content.sportslogos.net/logos/1/19/full/79520qbne58r9i71zhuggbff0.png">PlayMedia(&quot;plugin://plugin.video.SportsDevil/?mode=1&amp;item=catcher%3dstreams%26url=http://10livestreams.com/nhl/islanders.php%26referer=http://10livestreams.com/</favourite>
    <favourite name="New York Rangers" thumb="http://content.sportslogos.net/logos/1/20/full/144.png">PlayMedia(&quot;plugin://plugin.video.SportsDevil/?mode=1&amp;item=catcher%3dstreams%26url=http://10livestreams.com/nhl/rangers.php%26referer=http://10livestreams.com/</favourite>
    <favourite name="Ottawa Senators" thumb="http://content.sportslogos.net/logos/1/21/full/2bkf2l3xyxi5p0cavbj8.png">PlayMedia(&quot;plugin://plugin.video.SportsDevil/?mode=1&amp;item=catcher%3dstreams%26url=http://10livestreams.com/nhl/senators.php%26referer=http://10livestreams.com/</favourite>
    <favourite name="Philadelphia Flyers" thumb="http://content.sportslogos.net/logos/1/22/full/161.png">PlayMedia(&quot;plugin://plugin.video.SportsDevil/?mode=1&amp;item=catcher%3dstreams%26url=http://10livestreams.com/nhl/flyers.php%26referer=http://10livestreams.com/</favourite>
    <favourite name="Pittsburgh Penguins" thumb="http://content.sportslogos.net/logos/1/24/full/6362_pittsburgh_penguins-primary-2017.png">PlayMedia(&quot;plugin://plugin.video.SportsDevil/?mode=1&amp;item=catcher%3dstreams%26url=http://10livestreams.com/nhl/penguins.php%26referer=http://10livestreams.com/</favourite>
    <favourite name="San Jose Sharks" thumb="http://content.sportslogos.net/logos/1/26/full/dmo1xf3z4pph27vmg3gf.png">PlayMedia(&quot;plugin://plugin.video.SportsDevil/?mode=1&amp;item=catcher%3dstreams%26url=http://10livestreams.com/nhl/sharks.php%26referer=http://10livestreams.com/</favourite>
    <favourite name="St. Louis Blues" thumb="http://content.sportslogos.net/logos/1/25/full/187.png">PlayMedia(&quot;plugin://plugin.video.SportsDevil/?mode=1&amp;item=catcher%3dstreams%26url=http://10livestreams.com/nhl/blues.php%26referer=http://10livestreams.com/</favourite>
    <favourite name="Tampa Bay Lightning" thumb="http://content.sportslogos.net/logos/1/27/full/97hhvk8e5if0riesnex30etgz.png">PlayMedia(&quot;plugin://plugin.video.SportsDevil/?mode=1&amp;item=catcher%3dstreams%26url=http://10livestreams.com/nhl/lightning.php%26referer=http://10livestreams.com/</favourite>
    <favourite name="Toronto Maple Leafs" thumb="http://content.sportslogos.net/logos/1/28/full/8761_toronto_maple_leafs-primary-2017.png">PlayMedia(&quot;plugin://plugin.video.SportsDevil/?mode=1&amp;item=catcher%3dstreams%26url=http://10livestreams.com/nhl/leafs.php%26referer=http://10livestreams.com/</favourite>
    <favourite name="Vancouver Canucks" thumb="http://content.sportslogos.net/logos/1/29/full/tlxz9higxwygaehl0j5h.png">PlayMedia(&quot;plugin://plugin.video.SportsDevil/?mode=1&amp;item=catcher%3dstreams%26url=http://10livestreams.com/nhl/canucks.php%26referer=http://10livestreams.com/</favourite>
    <favourite name="Washington Capitals" thumb="http://content.sportslogos.net/logos/1/30/full/llrs2zxi127vkqgcsvfb.png">PlayMedia(&quot;plugin://plugin.video.SportsDevil/?mode=1&amp;item=catcher%3dstreams%26url=http://10livestreams.com/nhl/capitals.php%26referer=http://10livestreams.com/</favourite>
    <favourite name="Winnipeg Jets" thumb="http://content.sportslogos.net/logos/1/3050/full/z9qyy9xqoxfjn0njxgzoy2rwk.png">PlayMedia(&quot;plugin://plugin.video.SportsDevil/?mode=1&amp;item=catcher%3dstreams%26url=http://10livestreams.com/nhl/jets.php%26referer=http://10livestreams.com/</favourite>
	</favourites>