<favourites>
	<favourite name="Channel1 OnDemand" thumb="special://home/addons\plugin.video.1tv-latest-news\icon.png">ActivateWindow(10025,&quot;plugin://plugin.video.1tv-latest-news/&quot;,return)</favourite>
    <favourite name="Russian TV OnDemand" thumb="">ActivateWindow(10025,&quot;plugin://plugin.video.gamak.tva&quot;,return)</favourite>
	<favourite name="" thumb="">PlayMedia(&quot;plugin://plugin.video.&quot;)</favourite>
		<favourite name="[COLOR blue]Russian TV[/COLOR] - IsraelLive" thumb="DefaultFolder.png">ActivateWindow(10025,&quot;plugin://plugin.video.israelive/?categoryid=10556&amp;channelid=10763&amp;iconimage&amp;mode=2&quot;,return)</favourite>
	<favourite name="[COLOR blue]Russian TV[/COLOR] - kaban.tv" thumb="">ActivateWindow(10025,&quot;plugin://plugin.video.kaban.tva/?mode=PRLS&quot;,return)</favourite>
	<favourite name="[COLOR blue]Russian TV[/COLOR] - filmon" thumb="https://static.filmon.com/assets/groups/130/big_logo.png">ActivateWindow(10025,&quot;plugin://plugin.video.SportsDevil/?item=url.tmp%3d%252Fgroup%252Frussian-tv%26title%3dRUSSIAN%2bTV%26url%3dhttp%253A%252F%252Fwww.filmon.com%252Fgroup%252Frussian-tv%26cfg%3dfilmon.com.cfg%2540Channels%26definedIn%3dcustoms%252Ffilmon.com.cfg%26director%3dfilmon.com%26genre%3dLive%2bTV%26type%3drss%26icon%3dhttps%253A%252F%252Fstatic.filmon.com%252Fassets%252Fgroups%252F130%252Fbig_logo.png&amp;mode=1&quot;,return)</favourite>
	<favourite name="" thumb="">PlayMedia(&quot;plugin://plugin.video.&quot;)</favourite>
	   
	<favourite name="Perviy kanal Europa" thumb="http://static.filmon.com/couch/channels/1735/extra_big_logo.png">PlayMedia(&quot;plugin://plugin.video.israelive/?categoryid=10763&amp;iconimage=http%3A%2F%2Fstatic.filmon.com%2Fcouch%2Fchannels%2F1735%2Fextra_big_logo.png&amp;mode=10&amp;channelid=10764&quot;)</favourite>


	<favourite name="[COLOR black]TESTING[/COLOR]" thumb="special://home/addons\plugin.video.videomore.ru\icon.png">ActivateWindow(10025,&quot;plugin://plugin.program.super.favourites/?label=[COLOR black]TESTING[/COLOR]&amp;mode=400&amp;path=special%3A%2F%2Fhome%2Faddons%2Fscript.supafav%2FSuper%20Favourites%5CLivetv%2FForegin%5CRussian%5CTESTING&amp;sf_options=fanart%3Dspecial%3A%2F%2Fhome%2Faddons%5Cplugin.video.videomore.ru%5Cfanart.jpg%26_options_sf&quot;)</favourite>
	<favourite name="Россия 1" thumb="special://home/addons\plugin.video.kaban.tva\resources\logos\rossiia_1.png">PlayMedia(&quot;plugin://plugin.video.kaban.tva/?mode=PLAY&amp;url=http%3A%2F%2Fkaban.tv%2Frossiya-1-online&amp;name=Россия 1&amp;sf_options=winID%3D10025%26_options_sf&quot;)</favourite>
	<favourite name="НТВ" thumb="special://home/addons\plugin.video.kaban.tva\resources\logos\ntv.png">PlayMedia(&quot;plugin://plugin.video.kaban.tva/?mode=PLAY&amp;url=http%3A%2F%2Fkaban.tv%2Fntv-online&amp;name=НТВ&amp;sf_options=winID%3D10025%26_options_sf&quot;)</favourite>
	<favourite name="Матч ТВ" thumb="">PlayMedia(&quot;plugin://plugin.video.kaban.tva/?mode=PLAY&amp;url=http%3A%2F%2Fkaban.tv%2Fmatch-tv-online&amp;name=Матч ТВ&amp;sf_options=winID%3D10025%26_options_sf&quot;)</favourite>
	<favourite name="Россия К" thumb="special://home/addons\plugin.video.kaban.tva\resources\logos\rossiia_k.png">PlayMedia(&quot;plugin://plugin.video.kaban.tva/?mode=PLAY&amp;url=http%3A%2F%2Fkaban.tv%2Frossiya-k-online&amp;name=Россия К&amp;sf_options=winID%3D10025%26_options_sf&quot;)</favourite>
	<favourite name="Рен ТВ" thumb="special://home/addons\plugin.video.kaban.tva\resources\logos\ren_tv.png">PlayMedia(&quot;plugin://plugin.video.kaban.tva/?mode=PLAY&amp;url=http%3A%2F%2Fkaban.tv%2Fren-online&amp;name=Рен ТВ&amp;sf_options=winID%3D10025%26_options_sf&quot;)</favourite>
	<favourite name="Россия 24" thumb="special://home/addons\plugin.video.kaban.tva\resources\logos\rossiia_24.png">PlayMedia(&quot;plugin://plugin.video.kaban.tva/?mode=PLAY&amp;url=http%3A%2F%2Fkaban.tv%2Frossiya-24-online&amp;name=Россия 24&amp;sf_options=winID%3D10025%26_options_sf&quot;)</favourite>
	<favourite name="Карусель" thumb="special://home/addons\plugin.video.kaban.tva\resources\logos\karusel.png">PlayMedia(&quot;plugin://plugin.video.kaban.tva/?mode=PLAY&amp;url=http%3A%2F%2Fkaban.tv%2Fkarusel-online&amp;name=Карусель&amp;sf_options=winID%3D10025%26_options_sf&quot;)</favourite>
	<favourite name="5 канал" thumb="special://home/addons\plugin.video.kaban.tva\resources\logos\piatyi_kanal.png">PlayMedia(&quot;plugin://plugin.video.kaban.tva/?mode=PLAY&amp;url=http%3A%2F%2Fkaban.tv%2F5kanal-online&amp;name=5 канал&amp;sf_options=winID%3D10025%26_options_sf&quot;)</favourite>
	<favourite name="Дисней" thumb="special://home/addons\plugin.video.kaban.tva\resources\logos\disney_channel.png">PlayMedia(&quot;plugin://plugin.video.kaban.tva/?mode=PLAY&amp;url=http%3A%2F%2Fkaban.tv%2Fdisney-online&amp;name=Дисней&amp;sf_options=winID%3D10025%26_options_sf&quot;)</favourite>
	<favourite name="СТС" thumb="special://home/addons\plugin.video.kaban.tva\resources\logos\sts.png">PlayMedia(&quot;plugin://plugin.video.kaban.tva/?mode=PLAY&amp;url=http%3A%2F%2Fkaban.tv%2Fsts-online&amp;name=СТС&amp;sf_options=winID%3D10025%26_options_sf&quot;)</favourite>
	<favourite name="Домашний" thumb="special://home/addons\plugin.video.kaban.tva\resources\logos\domashnii.png">PlayMedia(&quot;plugin://plugin.video.kaban.tva/?mode=PLAY&amp;url=http%3A%2F%2Fkaban.tv%2Fdomashnii-online&amp;name=Домашний&amp;sf_options=winID%3D10025%26_options_sf&quot;)</favourite>
	<favourite name="ТВЦ" thumb="special://home/addons\plugin.video.kaban.tva\resources\logos\tvts.png">PlayMedia(&quot;plugin://plugin.video.kaban.tva/?mode=PLAY&amp;url=http%3A%2F%2Fkaban.tv%2Ftvc-online&amp;name=ТВЦ&amp;sf_options=winID%3D10025%26_options_sf&quot;)</favourite>
	<favourite name="Звезда" thumb="special://home/addons\plugin.video.kaban.tva\resources\logos\zvezda.png">PlayMedia(&quot;plugin://plugin.video.kaban.tva/?mode=PLAY&amp;url=http%3A%2F%2Fkaban.tv%2Fzvezda-online&amp;name=Звезда&amp;sf_options=winID%3D10025%26_options_sf&quot;)</favourite>
	<favourite name="Ю" thumb="">PlayMedia(&quot;plugin://plugin.video.kaban.tva/?mode=PLAY&amp;url=http%3A%2F%2Fkaban.tv%2Fiu-online&amp;name=Ю&amp;sf_options=winID%3D10025%26_options_sf&quot;)</favourite>
	<favourite name="ТНТ" thumb="special://home/addons\plugin.video.kaban.tva\resources\logos\tnt.png">PlayMedia(&quot;plugin://plugin.video.kaban.tva/?mode=PLAY&amp;url=http%3A%2F%2Fkaban.tv%2Ftnt-online&amp;name=ТНТ&amp;sf_options=winID%3D10025%26_options_sf&quot;)</favourite>
	<favourite name="ТВ3" thumb="special://home/addons\plugin.video.kaban.tva\resources\logos\tv-3.png">PlayMedia(&quot;plugin://plugin.video.kaban.tva/?mode=PLAY&amp;url=http%3A%2F%2Fkaban.tv%2Ftv3-online&amp;name=ТВ3&amp;sf_options=winID%3D10025%26_options_sf&quot;)</favourite>
</favourites>