<sources>
    <programs>
        <default pathversion="1"></default>
    </programs>
    <video>
        <default pathversion="1"></default>
        <source>
            <name>TV</name>
            <path pathversion="1">special://home/userdata/addon_data/general.data/TV/</path>
            <allowsharing>true</allowsharing>
        </source>
        <source>
            <name>Movies</name>
            <path pathversion="1">special://home/userdata/addon_data/general.data/Movies/</path>
            <allowsharing>true</allowsharing>
        </source>
    </video>
    <music>
        <default pathversion="1"></default>
			<source>
            <name>Music</name>
            <path pathversion="1">special://home/userdata/addon_data/general.data/Music/</path>
            <allowsharing>true</allowsharing>
        </source>
    </music>
    <pictures>
        <default pathversion="1"></default>

		     <source>
            <name>Renegades</name>
            <path pathversion="1">https://offshoregit.com/Renegades/Install/</path>
            <allowsharing>true</allowsharing>
        </source>
        <source>
            <name>MD</name>
            <path pathversion="1">http://muckys.mediaportal4kodi.ml/</path>
            <allowsharing>true</allowsharing>
        </source>
        <source>
            <name>DaHenchmen</name>
            <path pathversion="1">http://dahenchmen.xyz/repo/</path>
            <allowsharing>true</allowsharing>
        </source>
    </pictures>
    <files>
        <default pathversion="1"></default>
        <source>
            <name>[COLOR blue]Downloaded Files[/COLOR]</name>
            <path pathversion="1">/sdcard/Download/</path>
            <allowsharing>true</allowsharing>
        </source>       
		<source>
            <name>Packages</name>
            <path pathversion="1">special://home/addons/packages</path>
            <allowsharing>true</allowsharing>
        </source>		
		<source>
            <name>Home</name>
            <path pathversion="1">special://home/</path>
            <allowsharing>true</allowsharing>
        </source>
    </files>
</sources>
