<?xml version="1.0" encoding="UTF-8" standalone="yes"?>
<addon id="screensaver.relax" name="Relax ScreenSaver" version="0.0.1a" provider-name="">
  <requires>
    <import addon="xbmc.python" version="2.1.0"/>
  </requires>
  <extension point="xbmc.ui.screensaver" library="addon.py">
	<provides></provides>
  </extension>
  <extension point="xbmc.addon.metadata">
    <platform>all</platform>
	<language></language>
	<license>GNU GENERAL PUBLIC LICENSE. Version 2, June 1991</license>
	<forum></forum>
	<website>none</website>
	<email></email>
	<source></source>
    <summary></summary>
    <description></description>
  </extension>
</addon>
