{
 "name"         : ".waterTV",
 "plugin"       : "plugin.video.origin2",
 "priority"     : 500,
 "id"           : "provider.openeleq.origin2.direct.play",
 "filters"      : {},
 "postprocess"  : "",
 "movies"       : [
  [
   {
    "link"      : "plugin://plugin.video.origin2/?action=play&title={title}&year={year}&imdb={imdb}",
    "steps"     : [],
    "action"    : "PLAY"
   }
  ]
 ],
 "tvshows"      : [
  [
   {
    "link"      : "plugin://plugin.video.origin2/?action=play&title={name}&year={year}&imdb={imdb}&tvdb={id}&season={season}&episode={episode}&tvshowtitle={showname}&premiered={firstaired}",
    "steps"     : [],
    "action"    : "PLAY"
   }
  ]
 ],
 "live"         : []
}