<favourites>
	<favourite name="Aaahh!!! Real Monsters" thumb="http://static.giantbomb.com/uploads/original/0/1735/456116-1.gif">ActivateWindow(10025,&quot;plugin://plugin.video.funniermoments/?image=C%3a%5ckodi15f%5cportable_data%5caddons%5cplugin.video.funniermoments%5cicon.png&amp;mode=500&amp;page=1&amp;title=Aaahh!!!%20Real%20Monsters%20(52%20videos)&amp;url=http%3a%2f%2fwww.funniermoments.com%2fbrowse-realmonsters-videos-1-date.html&amp;sf_options=&quot;,return)</favourite>
	<favourite name="All Grown Up" thumb="http://www.funniermoments.com/uploads/tm_category_img/180_category_img_th.jpg">ActivateWindow(10025,&quot;plugin://plugin.video.funniermoments/?image=C%3a%5ckodi151%5cportable_data%5caddons%5cplugin.video.funniermoments%5cicon.png&amp;mode=500&amp;page=1&amp;title=All%20Grown%20Up%20(52%20videos)&amp;url=http%3a%2f%2fwww.funniermoments.com%2fbrowse-allgrownup-videos-1-date.html&amp;sf_options=&quot;,return)</favourite>
	<favourite name="The Angry Beavers" thumb="http://www.funniermoments.com/uploads/tm_category_img/100_category_img_th.jpg">ActivateWindow(10025,&quot;plugin://plugin.video.funniermoments/?image=C%3a%5ckodi151%5cportable_data%5caddons%5cplugin.video.funniermoments%5cicon.png&amp;mode=500&amp;page=1&amp;title=The%20Angry%20Beavers%20(62%20videos)&amp;url=http%3a%2f%2fwww.funniermoments.com%2fbrowse-angrybeavers-videos-1-date.html&amp;sf_options=&quot;,return)</favourite>
	<favourite name="CatDog" thumb="http://www.funniermoments.com/uploads/tm_category_img/105_category_img_th.jpg">ActivateWindow(10025,&quot;plugin://plugin.video.funniermoments/?image=C%3a%5ckodi%5cportable_data%5caddons%5cplugin.video.funniermoments%5cicon.png&amp;mode=500&amp;page=1&amp;title=CatDog%20(68%20videos)&amp;url=http%3a%2f%2fwww.toon.is%2fbrowse-catdog-videos-1-date.html&amp;sf_options=fanart%3Dspecial%3A%2F%2Fhome%2Faddons%5Cplugin.video.funniermoments%5Cfanart.jpg%26_options_sf&quot;,return)</favourite>
	<favourite name="Doug" thumb="http://cdn2-b.examiner.com/sites/default/files/styles/image_content_width/hash/6f/52/doug_5.jpg">ActivateWindow(10025,&quot;plugin://plugin.video.funniermoments/?image=C%3a%5ckodi15f%5cportable_data%5caddons%5cplugin.video.funniermoments%5cicon.png&amp;mode=500&amp;page=1&amp;title=Doug%20(51%20videos)&amp;url=http%3a%2f%2fwww.funniermoments.com%2fbrowse-doug-videos-1-date.html&amp;sf_options=&quot;,return)</favourite>
	<favourite name="Hey Arnold!" thumb="http://www.funniermoments.com/uploads/tm_category_img/84_category_img_th.jpg">ActivateWindow(10025,&quot;plugin://plugin.video.funniermoments/?image=C%3a%5ckodi15f%5cportable_data%5caddons%5cplugin.video.funniermoments%5cicon.png&amp;mode=500&amp;page=1&amp;title=Hey%20Arnold!%20(101%20videos)&amp;url=http%3a%2f%2fwww.funniermoments.com%2fbrowse-heyarnold-videos-1-date.html&amp;sf_options=&quot;,return)</favourite>
	<favourite name="Inspector Gadget" thumb="http://www.xn--yapbozoyunlar-gbc.com/imatjes/m%C3%BCfetti%C5%9F-gadget-logosu_51516ae250c8f-p.jpg">ActivateWindow(10025,&quot;plugin://plugin.video.funniermoments/?image=C%3a%5ckodi15f%5cportable_data%5caddons%5cplugin.video.funniermoments%5cicon.png&amp;mode=500&amp;page=1&amp;title=Inspector%20Gadget%20(86%20videos)&amp;url=http%3a%2f%2fwww.funniermoments.com%2fbrowse-inspectorgadget-videos-1-date.html&amp;sf_options=&quot;,return)</favourite>
	<favourite name="The Ren &amp; Stimpy Show [1991]" thumb="http://static.bootic.com/_pictures/597721/ren-and-stimpy-tee-red_1.jpg">ActivateWindow(10025,&quot;plugin://plugin.video.funniermoments/?image=C%3a%5ckodi15f%5cportable_data%5caddons%5cplugin.video.funniermoments%5cicon.png&amp;mode=500&amp;page=1&amp;title=The%20Ren%20%26%20Stimpy%20Show%20%5b1991%5d%20(53%20videos)&amp;url=http%3a%2f%2fwww.funniermoments.com%2fbrowse-renandstimpy-videos-1-date.html&amp;sf_options=&quot;,return)</favourite>
	<favourite name="Rugrats" thumb="http://www.funniermoments.com/uploads/tm_category_img/178_category_img_th.jpg">ActivateWindow(10025,&quot;plugin://plugin.video.funniermoments/?image=C%3a%5ckodi15f%5cportable_data%5caddons%5cplugin.video.funniermoments%5cicon.png&amp;mode=500&amp;page=1&amp;title=Rugrats%20(174%20videos)&amp;url=http%3a%2f%2fwww.funniermoments.com%2fbrowse-rugrats-videos-1-date.html&amp;sf_options=&quot;,return)</favourite>
</favourites>