{"/videos/islands-of-creation/37460": ["http://www.smithsonianchannel.com/site/image-bin/images/0_0_3421513/0_0_3421513_ful01_200x200.jpg", "http://www.smithsonianchannel.com/site/image-bin/images/0_0_3421513/0_0_3421513_ful01_640w.jpg", {"Plot": "In the jungles of a remote archipelago in the South Pacific, a biologist is attempting to do something Charles Darwin and Ernst Mayr never accomplished: catch evolution in the act of creating new species. Albert Uy is on the verge of an amazing discovery in the Solomon Islands, but there's a threat looming on the horizon. The islands' resources are being exploited, putting all local wildlife at risk. It's a race against time to gather the evidence necessary to prove the existence of a new species before it's lost forever.", "Title": "Islands of Creation", "MPAA": "tv-pg", "Genre": "Documentary", "Studio": "Smithsonian Channel", "Duration": 2880}], "/videos/true-story-of-the-mary-celeste-the/27651": ["http://www.smithsonianchannel.com/site/image-bin/images/0_0_130102/0_0_130102_ful01_200x200.jpg", "http://www.smithsonianchannel.com/site/image-bin/images/0_0_130102/0_0_130102_ful01_640w.jpg", {"Plot": "On December 4, 1872, the unmanned Mary Celeste was found adrift in the Atlantic with its cargo fully intact. The mystery of this \"ghost ship\" remained unanswered for over 135 years. What happened to the Mary Celeste is widely regarded as the most famous mystery of the sea. Watch it unfold to its stunning conclusion, at last.", "Title": "The True Story of the Mary Celeste", "MPAA": "tv-pg", "Genre": "Documentary", "Studio": "Smithsonian Channel", "Duration": 2790}], "/videos/mystery-of-the-hope-diamond/13204": ["http://www.smithsonianchannel.com/site/image-bin/images/0_0_136360/0_0_136360_ful01_200x200.jpg", "http://www.smithsonianchannel.com/site/image-bin/images/0_0_136360/0_0_136360_ful01_640w.jpg", {"Plot": "Embark on an epic journey of Hope. The legend is as massive and multifaceted as the gem itself, spanning one billion years, three continents and leaving a trail of intrigue, envy and death. We uncover the science and secrets of history's most famous jewel by visiting different countries and getting expert opinions from forensic scientists and history scholars. Learn why the Hope Diamond has inspired superstition, passion and interest since its discovery, and witness the unveiling of Hope in its new limited-edition setting, designed by Harry Winston and chosen by the American public.", "Title": "Mystery of The Hope Diamond", "MPAA": "tv-pg", "Genre": "Documentary", "Studio": "Smithsonian Channel", "Duration": 2760}], "/videos/king-tuts-final-mystery/33784": ["http://www.smithsonianchannel.com/site/image-bin/images/0_0_3411477/0_0_3411477_ful01_200x200.jpg", "http://www.smithsonianchannel.com/site/image-bin/images/0_0_3411477/0_0_3411477_ful01_640w.jpg", {"Plot": "King Tut's sudden death at the age of 19 has been a hotly debated topic ever since his tomb was discovered in the Valley of the Kings in 1922. Why did he die so young? Was he murdered? Was he killed in a chariot accident? To solve this 3,000-year-old cold case, a team of scientists will perform a virtual autopsy on the boy king, using modern technology. Their mission: to determine the cause of Tutankhamun's death and reveal, for the first time, the real boy behind the golden mask.", "Title": "King Tut's Final Mystery", "MPAA": "tv-pg", "Genre": "Documentary", "Studio": "Smithsonian Channel", "Duration": 2760}], "/videos/stranded-alpine-air-crash/29211": ["http://www.smithsonianchannel.com/site/image-bin/images/0_0_3396385/0_0_3396385_ful01_200x200.jpg", "http://www.smithsonianchannel.com/site/image-bin/images/0_0_3396385/0_0_3396385_ful01_640w.jpg", {"Plot": "In November 19, 1946, a U.S. military transport plane goes out of control while flying over the Swiss Alps and crashes high in the mountains. Miraculously, all 12 passengers and crew survive the accident, but their safety is anything but assured. The aircraft has flown miles off course, and its position is unknown. Food supplies are low, the temperature is dropping, and their radio battery is running out of juice. Time is quickly running out. The fate of the survivors will depend on one man, one plane, and one inspired idea.", "Title": "Stranded: Alpine Air Crash", "MPAA": "tv-pg", "Genre": "Documentary", "Studio": "Smithsonian Channel", "Duration": 2760}], "/videos/scurlock-studio/25295": ["http://www.smithsonianchannel.com/site/image-bin/images/467_2_134816/467_2_134816_ful01_200x200.jpg", "http://www.smithsonianchannel.com/site/image-bin/images/467_2_134816/467_2_134816_ful01_640w.jpg", {"Plot": "Addison Scurlock's photographs in the early 1900s portrayed African Americans in a way not often seen. With the help of his two sons, George and Robert, the Scurlock Studio has mastered his photographs of weddings, graduations, and families. These remarkable photographs stand as a visual record of not only Washington, DC, but of African American culture.", "Title": "Smithsonian Spotlight: Scurlock Studio", "MPAA": "tv-pg", "Genre": "Documentary", "Studio": "Smithsonian Channel", "Duration": 1590}], "/videos/star-trek/20899": ["http://www.smithsonianchannel.com/site/image-bin/images/679_5_3375246/679_5_3375246_ful01_200x200.jpg", "http://www.smithsonianchannel.com/site/image-bin/images/679_5_3375246/679_5_3375246_ful01_640w.jpg", {"Plot": "The biggest movie and TV franchise of all time, Star Trek spawned more than 700 TV episodes and twelve films. Creator Gene Roddenberry's vision of the future helped inspire today's scientists to develop the first scientific principles of teleportation, the creation of artificial intelligence, androids, and more. Now, scientists, series producers, the first Trekkies, and Spock himself, Leonard Nimoy, provide new insights into a show that inspired audiences everywhere to create a better world.", "Title": "The Real Story: Star Trek", "MPAA": "tv-pg", "Genre": "Documentary", "Studio": "Smithsonian Channel", "Duration": 2760}], "/videos/queens-of-the-screen/44097": ["http://www.smithsonianchannel.com/site/image-bin/images/1003587_2_3423925/1003587_2_3423925_ful01_200x200.jpg", "http://www.smithsonianchannel.com/site/image-bin/images/1003587_2_3423925/1003587_2_3423925_ful01_640w.jpg", {"Plot": "They were three American actresses about to take on the biggest roles of their careers, thousands of miles from Los Angeles. Join \"Downton Abbey\" star Elizabeth McGovern as she details how Grace Kelly, Gloria Swanson, and Rita Hayworth transformed from Hollywood royalty to part of European nobility. Unlike previous Million Dollar American Princesses, these starlets also brought unparalleled glamour and fame to the aristocracy, as well as dramatic twists and turns that would rival any one of their movies.", "Title": "Million Dollar American Princesses: Queens of the Screen", "MPAA": "tv-pg", "Genre": "Documentary", "Studio": "Smithsonian Channel", "Duration": 2760}], "/videos/shackletons-frozen-hell/24177": ["http://www.smithsonianchannel.com/site/image-bin/images/0_0_3370282/0_0_3370282_ful01_200x200.jpg", "http://www.smithsonianchannel.com/site/image-bin/images/0_0_3370282/0_0_3370282_ful01_640w.jpg", {"Plot": "In 1914, the world's first trans-Antarctic expedition came to a cold stop. Trapped in ice just 60 miles from their destination, explorer Ernest Shackleton and his crew found themselves in a dire situation that would play out as a two-year battle against starvation, sub-zero conditions, and the threat of being swallowed by the unforgiving Southern Ocean. Witness this incredible story of courage and survival, fueled by ship captain Frank Worsley's exceptional navigational skills, the crew's resiliency, and Shackleton's cool-headed leadership.", "Title": "Shackleton's Frozen Hell", "MPAA": "tv-pg", "Genre": "Documentary", "Studio": "Smithsonian Channel", "Duration": 2760}], "/videos/c-5m-super-galaxy/22796": ["http://www.smithsonianchannel.com/site/image-bin/images/1003002_1_3361528/1003002_1_3361528_ful01_200x200.jpg", "http://www.smithsonianchannel.com/site/image-bin/images/1003002_1_3361528/1003002_1_3361528_ful01_640w.jpg", {"Plot": "Recently upgraded to \"Super Galaxy\" status, this heavy-lifting aircraft can fly non-stop to virtually anywhere in the world, delivering cargo too large and too urgent to be shipped any other way. Follow along with the U.S. Air Force onboard this mighty plane on a marathon mission to Bagram, Afghanistan, a 14-hour, 6,200-mile journey requiring dangerous mid-air refueling and a perilous landing in the heart of enemy territory.", "Title": "Mighty Planes: C-5M Super Galaxy", "MPAA": "tv-pg", "Genre": "Documentary", "Studio": "Smithsonian Channel", "Duration": 2640}], "/videos/new-hampshire/44758": ["http://www.smithsonianchannel.com/site/image-bin/images/701_1_137553/701_1_137553_ful01_200x200.jpg", "http://www.smithsonianchannel.com/site/image-bin/images/701_1_137553/701_1_137553_ful01_640w.jpg", {"Plot": "Soar over the most independent-minded state in the Union: New Hampshire. Amid its mountains, rivers, and colonial villages exists a community of people who take their motto of \"Live free or die\" to heart. From an infamous poet who favored the road less traveled, to the founders of both the industrial and fast food revolutions, this state is brimming with free thinkers. Discover the sights and stories of the Granite State, from Concord to White Mountain State Park and beyond.", "Title": "Aerial America: New Hampshire ", "MPAA": "tv-pg", "Genre": "Documentary", "Studio": "Smithsonian Channel", "Duration": 3062}], "/videos/movers-and-shakers/34919": ["http://www.smithsonianchannel.com/site/image-bin/images/1003587_1_3416323/1003587_1_3416323_ful01_200x200.jpg", "http://www.smithsonianchannel.com/site/image-bin/images/1003587_1_3416323/1003587_1_3416323_ful01_640w.jpg", {"Plot": "By the 1930s, the legacy of America's millionaire princesses paves the way for a new generation of American women to enter, and transform, the British ruling class. Some will leave their marriages to explore independent destinies, one will trade charisma instead of wealth to marry into royalty, and one will unwittingly bring about the greatest royal crisis of the 20th century. Witness stories of character and courage as these women escape loveless marriages, break barriers, create their own happy endings and make history.", "Title": "Million Dollar American Princesses: Movers and Shakers", "MPAA": "tv-pg", "Genre": "Documentary", "Studio": "Smithsonian Channel", "Duration": 2762}], "/videos/the-incredible-bionic-man/22622": ["http://www.smithsonianchannel.com/site/image-bin/images/0_0_3378516/0_0_3378516_ful01_200x200.jpg", "http://www.smithsonianchannel.com/site/image-bin/images/0_0_3378516/0_0_3378516_ful01_640w.jpg", {"Plot": "How close is today's technology to catching up with the human body? Two roboticists are on a quest to find out. Follow their mission as they collect the most sophisticated prosthetic parts available and combine them into one single functioning body, complete with an artificial heart, microchip brain, synthetic lungs, kidneys, and even a spleen. Their incredible bionic man reveals just how far science has come and demonstrates where this technology is headed, all the while posing the eternal question of what it means to be human.", "Title": "The Incredible Bionic Man", "MPAA": "tv-pg", "Genre": "Documentary", "Studio": "Smithsonian Channel", "Duration": 2760}], "/videos/wedding-of-the-century/34920": ["http://www.smithsonianchannel.com/site/image-bin/images/1003587_1_3416324/1003587_1_3416324_ful01_200x200.jpg", "http://www.smithsonianchannel.com/site/image-bin/images/1003587_1_3416324/1003587_1_3416324_ful01_640w.jpg", {"Plot": "Marriages between the daughters of new-money Americans and a cash-strapped British aristocracy hit its stride by 1895. But these unions come at a price, financially and emotionally. While some women find true love overseas, others, like Consuelo Vanderbilt, find themselves mired in misery, loneliness and scandal. Host Elizabeth McGovern reveals how their stories inspired the hit series \"Downton Abbey.\" Then, she explores how the daughters of America's wealthy industrialists survived, and even thrived, in their new aristocratic surroundings.", "Title": "Million Dollar American Princesses: Wedding of the Century", "MPAA": "tv-pg", "Genre": "Documentary", "Studio": "Smithsonian Channel", "Duration": 2762}], "/videos/into-the-frozen-abyss/13316": ["http://www.smithsonianchannel.com/site/image-bin/images/0_0_135041/0_0_135041_ful01_200x200.jpg", "http://www.smithsonianchannel.com/site/image-bin/images/0_0_135041/0_0_135041_ful01_640w.jpg", {"Plot": "The crew of the Tangaroa ventures deep into the Southern Ocean to capture the dizzying variety of fish that thrive in this climate, and record the impacts of global warming on the food chain.  This team of the world's top marine scientists is attempting to crack the mysteries of the Antarctic sea's marine life. This is no ordinary scientific voyage; it's a mission of extremes that will test the crew's mental and physical endurance. The stakes are high and the personal toll, enormous.", "Title": "Into The Frozen Abyss", "MPAA": "tv-pg", "Genre": "Documentary", "Studio": "Smithsonian Channel", "Duration": 2791}], "/videos/abraham-lincoln/19271": ["http://www.smithsonianchannel.com/site/image-bin/images/822_1_140533/822_1_140533_ful01_200x200.jpg", "http://www.smithsonianchannel.com/site/image-bin/images/822_1_140533/822_1_140533_ful01_640w.jpg", {"Plot": "Take an honest look at Honest Abe as Lincoln scholars strip away the saintly image of our 16th president. Abraham Lincoln's now legendary status obscures his true personality, but archival documents now reveal his road to presidency was not as humble as we once believed. And the man the exposed is one who despised his upbringing, taunted his rivals, and nearly poisoned himself as he battled depression. ", "Title": "Mystery Files: Abraham Lincoln", "MPAA": "tv-pg", "Genre": "Documentary", "Studio": "Smithsonian Channel", "Duration": 1380}], "/videos/americas-yellowstone/37261": ["http://www.smithsonianchannel.com/site/image-bin/images/0_0_130630/0_0_130630_ful01_200x200.jpg", "http://www.smithsonianchannel.com/site/image-bin/images/0_0_130630/0_0_130630_ful01_640w.jpg", {"Plot": "Welcome to Yellowstone, America's oldest and largest national park. Lose yourself in the majestic landscapes that serve as a giant natural laboratory, with over three million geysers, fifty species of mammals, and three hundred species of birds.", "Title": "America's Yellowstone", "MPAA": "tv-pg", "Genre": "Documentary", "Studio": "Smithsonian Channel", "Duration": 2791}], "/videos/amazing-plants/21431": ["http://www.smithsonianchannel.com/site/image-bin/images/0_0_136361/0_0_136361_ful01_200x200.jpg", "http://www.smithsonianchannel.com/site/image-bin/images/0_0_136361/0_0_136361_ful01_640w.jpg", {"Plot": "Do you talk to your plants? Think of the stories they could tell if only they could talk back. The seemingly peaceful world of plants is actually a battlefield and a constant struggle for survival. See how some predatory plants use trapdoors and enticing, beautiful flowers to trap their prey, while others shrivel up or emit odors to fend off their enemy. Experts uncover the most fascinating secrets of the world of plants-roots and all.", "Title": "Amazing Plants", "MPAA": "tv-pg", "Genre": "Documentary", "Studio": "Smithsonian Channel", "Duration": 2790}], "/videos/black-wings/20135": ["http://www.smithsonianchannel.com/site/image-bin/images/0_0_141063/0_0_141063_ful01_200x200.jpg", "http://www.smithsonianchannel.com/site/image-bin/images/0_0_141063/0_0_141063_ful01_640w.jpg", {"Plot": "For early aviators, conquering the forces of gravity was a daunting challenge. But black aviators had an additional challenge - conquering the forces of racism. Meet the men and women who took to the skies throughout the 20th century, proving to a segregated nation that skin color doesn't determine skill level. From biplanes to commercial jets, and from barnstormers to war fighters, meet the path-breaking pilots who opened the skies for all -- and contributed in countless ways to the development of aviation.", "Title": "Black Wings", "MPAA": "tv-pg", "Genre": "Documentary", "Studio": "Smithsonian Channel", "Duration": 3064}], "/videos/new-jersey/36805": ["http://www.smithsonianchannel.com/site/image-bin/images/701_1_3402672/701_1_3402672_ful01_200x200.jpg", "http://www.smithsonianchannel.com/site/image-bin/images/701_1_3402672/701_1_3402672_ful01_640w.jpg", {"Plot": "New Jersey is one of America's 13 original states, and one of its most fascinating. It's where the nation's first industrial city was built, where some of Hollywood's biggest studios began, and where a brilliant inventor devised a way to light the world. We trace the Garden State's most dramatic historic moments, from Washington's fateful Delaware crossing to Hindenburg's fiery crash to Superstorm Sandy's furious attack. We also celebrate Jersey's quiet misty valleys, fields of plenty, miles of sunlit shores, and plucky, innovative spirit.", "Title": "Aerial America: New Jersey", "MPAA": "tv-pg", "Genre": "Documentary", "Studio": "Smithsonian Channel", "Duration": 2763}], "/videos/lincolns-washington-at-war/22421": ["http://www.smithsonianchannel.com/site/image-bin/images/0_0_3374628/0_0_3374628_ful01_200x200.jpg", "http://www.smithsonianchannel.com/site/image-bin/images/0_0_3374628/0_0_3374628_ful01_640w.jpg", {"Plot": "Washington, D.C. in 1861. The Civil War is at the doorstep and the city is bracing for disaster. America is a country torn in two. An untested President Lincoln strives to make the nation's capital the political center of the Union, but finds he is surrounded by Southern sympathies and under constant threat of attack. See how this once sleepy small town grew into the metropolis we know today. A city cast in marble, a symbol of American liberty and a memorial to those who fought tooth and nail to preserve it.", "Title": "Lincoln's Washington at War", "MPAA": "tv-pg", "Genre": "Documentary", "Studio": "Smithsonian Channel", "Duration": 2760}], "/videos/great-pyramid/38537": ["http://www.smithsonianchannel.com/site/image-bin/images/1003102_2_3412162/1003102_2_3412162_ful01_200x200.jpg", "http://www.smithsonianchannel.com/site/image-bin/images/1003102_2_3412162/1003102_2_3412162_ful01_640w.jpg", {"Plot": "The Great Pyramid of Giza is the last of the Seven Wonders of the Ancient World still in existence and one of history's greatest mysteries. How was the 50-story monument built by a Bronze Age society with only simple hand tools at their disposal? Follow experts Mark Lehner and Peter James as they attempt to solve this puzzle, armed with a radical new approach and a 4,500-year-old diary that gives an eyewitness account of the monument's construction.", "Title": "Secrets: Great Pyramid", "MPAA": "tv-pg", "Genre": "Documentary", "Studio": "Smithsonian Channel", "Duration": 2762}], "/videos/seizing-justice-the-greensboro-4/13378": ["http://www.smithsonianchannel.com/site/image-bin/images/0_0_136657/0_0_136657_ful01_200x200.jpg", "http://www.smithsonianchannel.com/site/image-bin/images/0_0_136657/0_0_136657_ful01_640w.jpg", {"Plot": "In February of 1960, a simple coffee order at America's favorite five-and-dime store sparked a series of events that would help put an end to segregation in the United States. Join us as we detail the extraordinary story of otherwise ordinary young men, four African-American college students whose nonviolent sit-in at a Woolworth's lunch counter started a revolution.", "Title": "Seizing Justice: The Greensboro 4", "MPAA": "tv-pg", "Genre": "Documentary", "Studio": "Smithsonian Channel", "Duration": 2790}], "/videos/yellowstone-supervolcano/36873": ["http://www.smithsonianchannel.com/site/image-bin/images/0_0_3402154/0_0_3402154_ful01_200x200.jpg", "http://www.smithsonianchannel.com/site/image-bin/images/0_0_3402154/0_0_3402154_ful01_640w.jpg", {"Plot": "Beneath the spectacular beauty of Yellowstone National Park lies a ticking time bomb...a supervolcano that's overdue for its next eruption. When that day inevitably comes, it will trigger the end of civilization as we know it. See how recent earthquake swarms and other signals of activity have put scientists on high alert for a large-scale super volcanic eruption. Then, witness the worldwide effects of this cataclysmic eruption, which experts predict will produce energy equivalent to the detonation of 1,000 nuclear bombs.", "Title": "Yellowstone Supervolcano", "MPAA": "tv-pg", "Genre": "Documentary", "Studio": "Smithsonian Channel", "Duration": 2760}], "/videos/americas-hangar/43582": ["http://www.smithsonianchannel.com/site/image-bin/images/0_0_130144/0_0_130144_ful01_200x200.jpg", "http://www.smithsonianchannel.com/site/image-bin/images/0_0_130144/0_0_130144_ful01_640w.jpg", {"Plot": "The famous aircraft of the first century of flight can only be seen at the Smithsonian Institution's National Air and Space Museum, housed in Washington, DC, and in the Udvar-Hazy Center in Virginia. Discover the inspirational stories and amazing aircraft of legendary pilots and daring astronauts, like Charles Lindbergh, Chuck Yeager, and Amelia Earhart.", "Title": "America's Hangar", "MPAA": "tv-pg", "Genre": "Documentary", "Studio": "Smithsonian Channel", "Duration": 2790}], "/videos/747-the-jumbo-revolution/32753": ["http://www.smithsonianchannel.com/site/image-bin/images/0_0_3407070/0_0_3407070_ful01_200x200.jpg", "http://www.smithsonianchannel.com/site/image-bin/images/0_0_3407070/0_0_3407070_ful01_640w.jpg", {"Plot": "At any given moment hundreds of people are soaring above us in a 747. From the moment the very first jumbo jet took off in 1969, it has been the aircraft against which all others are judged. But its 45-year journey has been anything but smooth. This is the definitive story of the Boeing 747, from its milestones and triumphs to its turning points and disasters. Witness its history through rare archival footage and tales from pilots, engineers, designers, and passengers who were there when it all began.", "Title": "747: The Jumbo Revolution", "MPAA": "tv-pg", "Genre": "Documentary", "Studio": "Smithsonian Channel", "Duration": 5519}], "/videos/tanks-of-fury/40738": ["http://www.smithsonianchannel.com/site/image-bin/images/0_0_3415077/0_0_3415077_ful01_200x200.jpg", "http://www.smithsonianchannel.com/site/image-bin/images/0_0_3415077/0_0_3415077_ful01_640w.jpg", {"Plot": "They were out-gunned and out-armored by superior German tanks, but what the American M4 Sherman tank crews lacked in firepower, they made up for in courage. Discover the stories of the heroic GIs who rolled into Nazi territory in the final weeks of WWII and faced off against an enemy that refused to surrender. Then, go behind the scenes of the film \"Fury\" and inside the tankers' world, as we hear accounts from veterans who survived the intense tank battles firsthand.", "Title": "Tanks of Fury", "MPAA": "tv-pg", "Genre": "Documentary", "Studio": "Smithsonian Channel", "Duration": 2760}], "/videos/mlk-the-assassination-tapes/16391": ["http://www.smithsonianchannel.com/site/image-bin/images/0_0_141155/0_0_141155_ful01_200x200.jpg", "http://www.smithsonianchannel.com/site/image-bin/images/0_0_141155/0_0_141155_ful01_640w.jpg", {"Plot": "April 4, 1968. Rev. Dr. Martin Luther King Jr. is gunned down on the balcony of a hotel in Memphis, Tennessee. It was all caught on film, tape and audio. So why have we seen so little of it? The well-known photograph of Dr. King's aides pointing toward the direction of the gunfire is iconic, but tells only part of the story. For the first time, a remarkable collection of recently rediscovered footage has been chronologically reassembled. The resulting documentary allows us to revisit the tumultuous events surrounding one of the most shocking assassinations in America and relive history through the voices of the era.", "Title": "MLK: The Assassination Tapes", "MPAA": "tv-pg", "Genre": "Documentary", "Studio": "Smithsonian Channel", "Duration": 2760}], "/videos/united-states-of-drinking/34037": ["http://www.smithsonianchannel.com/site/image-bin/images/0_0_3413913/0_0_3413913_ful01_200x200.jpg", "http://www.smithsonianchannel.com/site/image-bin/images/0_0_3413913/0_0_3413913_ful01_640w.jpg", {"Plot": "What a civilization imbibes can reveal a lot about who they are and the world that they live in. Those who built the pyramids preferred beer, and ancient Rome loved its wine, but what's the preferred alcoholic beverage in the US and what does it say about America? Join food writer Josh Ozersky on an illuminating journey as he makes moonshine, meets a microbrewery's chemist, visits an award-winning vineyard and samples the infinite possibilities of the cocktail bar, all in the name of science.", "Title": "United States of Drinking", "MPAA": "tv-pg", "Genre": "Documentary", "Studio": "Smithsonian Channel", "Duration": 3065}], "/videos/mass-extinction-life-at-the-brink/33962": ["http://www.smithsonianchannel.com/site/image-bin/images/0_0_3413789/0_0_3413789_ful01_200x200.jpg", "http://www.smithsonianchannel.com/site/image-bin/images/0_0_3413789/0_0_3413789_ful01_640w.jpg", {"Plot": "It's death on an unimaginable scale, when a majority of Earth's species quickly die out. It's called \"mass extinction,\" and it's happened at least five times before. Cataclysms, such as supervolcanoes or asteroids, are thought to cause these events, but some experts believe a manmade mass extinction could be next. Is our planet in trouble? And if so, is there anything we can do to stop the next catastrophic annihilation? Experts are traveling the world, performing groundbreaking scientific detective work to answer these very questions.", "Title": "Mass Extinction: Life at the Brink ", "MPAA": "tv-pg", "Genre": "Documentary", "Studio": "Smithsonian Channel", "Duration": 2760}], "/videos/nepal-quake-terror-on-everest/36926": ["http://www.smithsonianchannel.com/site/image-bin/images/0_0_3423023/0_0_3423023_ful01_200x200.jpg", "http://www.smithsonianchannel.com/site/image-bin/images/0_0_3423023/0_0_3423023_ful01_640w.jpg", {"Plot": "A massive earthquake rocks Nepal on April 25, 2015. In Kathmandu, centuries of culture are destroyed. In Langtang, an entire village is wiped out of existence. On Mount Everest, base camps and climbers are buried in a tsunami of ice. Thousands are dead, untold numbers are injured, and half a million homes are lost. Witness it firsthand, through personal footage and accounts of the survivors. Then discover the science behind this deadly force, and what, if anything, can be done to prevent such a disaster from happening again.", "Title": "Nepal Quake: Terror on Everest", "MPAA": "tv-pg", "Genre": "Documentary", "Studio": "Smithsonian Channel", "Duration": 2760}], "/videos/incredible-flying-jet-packs/37443": ["http://www.smithsonianchannel.com/site/image-bin/images/0_0_3416426/0_0_3416426_ful01_200x200.jpg", "http://www.smithsonianchannel.com/site/image-bin/images/0_0_3416426/0_0_3416426_ful01_640w.jpg", {"Plot": "When the jet pack took its first flight in the 1960s, it was loud, difficult to pilot, and could stay in the air for about 30 seconds. 50 years later, not much has changed. But visionary engineers are hard at work to make them quieter, safer, and more practical. Will they succeed? See how new approaches with simpler mechanics may allow us to use these futuristic flying machines in ways no one has yet to imagine. Then witness pilot Nick Macomber's attempt to take a jet pack to world record heights, and hopefully make it back down!", "Title": "Incredible Flying Jet Packs", "MPAA": "tv-pg", "Genre": "Documentary", "Studio": "Smithsonian Channel", "Duration": 3060}], "/videos/origins-of-oz-the/20458": ["http://www.smithsonianchannel.com/site/image-bin/images/0_0_137669/0_0_137669_ful01_200x200.jpg", "http://www.smithsonianchannel.com/site/image-bin/images/0_0_137669/0_0_137669_ful01_640w.jpg", {"Plot": "\"The Wonderful Wizard of Oz\" is a children's story unlike any other. Enthusiastically embraced by young and old alike, author L. Frank Baum's beloved classic was the \"Harry Potter\" of its day. It has been adapted and re-invented by multiple generations and has inspired the most beloved characters and iconic pair of shoes in pop-culture history. But how did this classic tale come to be? Visit the locations that inspired Baum's Land of Oz, dig into his family's archival collection, and hear interviews with fans and historians as we share this heart-warming story of the man behind the classic.", "Title": "The Origins of Oz", "MPAA": "tv-pg", "Genre": "Documentary", "Studio": "Smithsonian Channel", "Duration": 2760}], "/videos/into-the-unknown/33517": ["http://www.smithsonianchannel.com/site/image-bin/images/1003182_1_3388960/1003182_1_3388960_ful01_200x200.jpg", "http://www.smithsonianchannel.com/site/image-bin/images/1003182_1_3388960/1003182_1_3388960_ful01_640w.jpg", {"Plot": "Awe-inspiring science and breathtaking images from the cosmos are now delivered to Earth courtesy of Mars Science Laboratory's Curiosity rover and other spacecrafts. Virtually all of these cutting-edge technologies evolved from decades of risky trial and error by pioneering engineers and astronauts. Witness these early triumphs and tragedies, and discover how they're helping today's innovators leave orbit once again to unlock the mysteries of distant worlds.", "Title": "Space Voyages: Into The Unknown", "MPAA": "tv-pg", "Genre": "Documentary", "Studio": "Smithsonian Channel", "Duration": 3063}], "/videos/deeds-of-defiance/43539": ["http://www.smithsonianchannel.com/site/image-bin/images/1003667_1_3416954/1003667_1_3416954_ful01_200x200.jpg", "http://www.smithsonianchannel.com/site/image-bin/images/1003667_1_3416954/1003667_1_3416954_ful01_640w.jpg", {"Plot": "For African-American landowners and the activists they supported, change finally came to Mississippi in the 1960s. After beatings, arrests, fire bombings, and murder, congress passed the Civil Rights Act, which outlawed racial discrimination nationwide. But the fight for constitutional rights was far from over. Danny Glover narrates the untold story of the courageous black landowners who brought change to Mississippi, leading to the Voting Rights Act, school desegregation, and, ultimately, seats in public office.", "Title": "Mississippi Inferno: Deeds of Defiance", "MPAA": "tv-pg", "Genre": "Documentary", "Studio": "Smithsonian Channel", "Duration": 2762}], "/videos/cash-for-class/34637": ["http://www.smithsonianchannel.com/site/image-bin/images/1003587_1_3416325/1003587_1_3416325_ful01_200x200.jpg", "http://www.smithsonianchannel.com/site/image-bin/images/1003587_1_3416325/1003587_1_3416325_ful01_640w.jpg", {"Plot": "They're commonly called \"the nouveau riche.\" Snubbed by New York's old-money families, these ambitious new millionaires, along with their daughters, set their sights on England, and quickly gain entry into the highest levels of the British aristocracy. Join \"Downton Abbey\" star Elizabeth McGovern as she explores the first transatlantic marriages of the late 1800s. Some will be inspired by love. Some are destined to be simply crude dollar-for-title deals. All of them, collectively, will change the course of history.", "Title": "Million Dollar American Princesses: Cash for Class", "MPAA": "tv-pg", "Genre": "Documentary", "Studio": "Smithsonian Channel", "Duration": 2760}], "/videos/close-encounters-of-the-third-kind/17464": ["http://www.smithsonianchannel.com/site/image-bin/images/679_4_140525/679_4_140525_ful01_200x200.jpg", "http://www.smithsonianchannel.com/site/image-bin/images/679_4_140525/679_4_140525_ful01_640w.jpg", {"Plot": "The movie was an instant smash when it hit the theaters in 1977 and reawakened man's obsession with the eternal question: \"Are we alone in the universe?\" Though a work of fantasy, few realize that Steven Spielberg's sci-fi classic was actually inspired by real-life witness testimony, as well as a series of UFO sightings in Michigan in the summer of 1966. Separate science fact from science fiction as we re-examine government documents and put old witness testimonies to the test using modern technology.", "Title": "The Real Story: Close Encounters of the Third Kind", "MPAA": "tv-pg", "Genre": "Documentary", "Studio": "Smithsonian Channel", "Duration": 2761}], "/videos/doors-the-mr-mojo-risin--the-story-of-la-woman/23733": ["http://www.smithsonianchannel.com/site/image-bin/images/0_0_3361532/0_0_3361532_ful01_200x200.jpg", "http://www.smithsonianchannel.com/site/image-bin/images/0_0_3361532/0_0_3361532_ful01_640w.jpg", {"Plot": "The Doors didn't simply \"break on through\" in the late 1960s. Led by rock poet and frontman Jim Morrison, they exploded onto the music scene. Over four years, they provided the soundtrack to a countercultural movement that galvanized young Americans and terrified adults. But by 1970 Morrison's life was spiraling, and their sixth studio album, \"L.A. Woman,\" was in danger of being scrapped. Take an in-depth look at the making of this seminal record, one of the band's greatest releases, and the final work of rock's legendary Rider on the Storm.", "Title": "The Doors: Mr. Mojo Risin' - The Story of L.A. Woman", "MPAA": "tv-pg", "Genre": "Documentary", "Studio": "Smithsonian Channel", "Duration": 2760}], "/videos/leading-ladies/45077": ["http://www.smithsonianchannel.com/site/image-bin/images/1003587_2_3423928/1003587_2_3423928_ful01_200x200.jpg", "http://www.smithsonianchannel.com/site/image-bin/images/1003587_2_3423928/1003587_2_3423928_ful01_640w.jpg", {"Plot": "They were three leading ladies, American heiresses who came to England and had a major impact on the fashion world, interior design, and even Parliament. Elizabeth McGovern's exploration of the women who inspired the acclaimed series \"Downton Abbey\" brings us the stories of Nancy Astor, Nancy Lancaster and Pauline de Rothschild. They crossed the Atlantic for very different reasons and embarked on very different paths to fame, but each woman shared one attribute: the desire to stand up and be heard, and they were.", "Title": "Million Dollar American Princesses: Leading Ladies ", "MPAA": "tv-pg", "Genre": "Documentary", "Studio": "Smithsonian Channel", "Duration": 2760}], "/videos/how-to-clone-a-woolly-mammoth/34664": ["http://www.smithsonianchannel.com/site/image-bin/images/0_0_3415041/0_0_3415041_ful01_200x200.jpg", "http://www.smithsonianchannel.com/site/image-bin/images/0_0_3415041/0_0_3415041_ful01_640w.jpg", {"Plot": "The Siberian discovery of the best-preserved woolly mammoth on record has teams of experts working around the globe, and around the clock, on some of the most ambitious projects in science. In Russia, paleontologists are conducting a historic autopsy on the 40,000-year-old beast to find out how it lived, and how it died. Meanwhile labs in South Korea and at Harvard University are using the latest advances in DNA manipulation in hopes of cloning the furry giant and introducing it to the modern world.", "Title": "How To Clone A Woolly Mammoth", "MPAA": "tv-pg", "Genre": "Documentary", "Studio": "Smithsonian Channel", "Duration": 2762}], "/videos/texas/26751": ["http://www.smithsonianchannel.com/site/image-bin/images/701_1_3396082/701_1_3396082_ful01_200x200.jpg", "http://www.smithsonianchannel.com/site/image-bin/images/701_1_3396082/701_1_3396082_ful01_640w.jpg", {"Plot": "To capture Texas, you need to go big, and this aerial exploration spans thousands of square miles to reveal the great sites of the Lone Star State. Witness its lush forests, forbidding deserts, and shimmering modern cities. High-altitude views of landmarks reveal a rich, complex past where bloody battles for independence began and where the era of American idealism ended one dark November day. From humble beginnings to boastful proclamations, see why \"everything's bigger in Texas.\"", "Title": "Aerial America: Texas", "MPAA": "tv-pg", "Genre": "Documentary", "Studio": "Smithsonian Channel", "Duration": 3060}], "/videos/national-museum-of-african-american-history/25292": ["http://www.smithsonianchannel.com/site/image-bin/images/467_1_134145/467_1_134145_ful01_200x200.jpg", "http://www.smithsonianchannel.com/site/image-bin/images/467_1_134145/467_1_134145_ful01_640w.jpg", {"Plot": "Discover the inspirations, efforts, and challenges involved in establishing an American museum dedicated to presenting and preserving the African American experience. It's still a work in progress, but the first exhibit is already assembled: an extraordinary collection of photographs of this country's most celebrated and influential African Americans.", "Title": "Smithsonian Spotlight: National Museum of African American History", "MPAA": "tv-pg", "Genre": "Documentary", "Studio": "Smithsonian Channel", "Duration": 1590}], "/videos/sinking-the-lusitania-an-american-tragedy/36927": ["http://www.smithsonianchannel.com/site/image-bin/images/0_0_3420538/0_0_3420538_ful01_200x200.jpg", "http://www.smithsonianchannel.com/site/image-bin/images/0_0_3420538/0_0_3420538_ful01_640w.jpg", {"Plot": "The sinking of the Lusitania and the impact it had in determining the fate of World War I is widely known. But few know the stories of the passengers and crew aboard the doomed luxury liner, or the German commander who ordered the deadly attack on May 7, 1915. Follow the final voyage of the massive ship, from her celebrated exit from New York's Pier 54 to her 18-minute plummet off the coast of Ireland. Through firsthand accounts, meet the men, women, and children who rode the \"Greyhound of the Seas\" into a war zone, and into history.", "Title": "Sinking the Lusitania: An American Tragedy", "MPAA": "tv-pg", "Genre": "Documentary", "Studio": "Smithsonian Channel", "Duration": 2760}], "/videos/lockerbie-bombing-the/29471": ["http://www.smithsonianchannel.com/site/image-bin/images/0_0_3398469/0_0_3398469_ful01_200x200.jpg", "http://www.smithsonianchannel.com/site/image-bin/images/0_0_3398469/0_0_3398469_ful01_640w.jpg", {"Plot": "On a December night in 1988, just days before Christmas, one of the worst air disasters in history occurred over Scotland. Pan Am Flight 103, carrying 259 passengers and crew, exploded at 31,000 feet. It fell to Earth in large, fiery sections across the sleepy, hillside town of Lockerbie. Witness the aftermath of a tragedy that shocked the world and changed a small town forever. Watch rare footage, much of which has never been broadcast before, and hear stories from those who were there and those whose lives were forever torn apart.", "Title": "The Lockerbie Bombing", "MPAA": "tv-pg", "Genre": "Documentary", "Studio": "Smithsonian Channel", "Duration": 2760}], "/videos/alaskas-call-of-the-wild/38518": ["http://www.smithsonianchannel.com/site/image-bin/images/701_1_3399508/701_1_3399508_ful01_200x200.jpg", "http://www.smithsonianchannel.com/site/image-bin/images/701_1_3399508/701_1_3399508_ful01_640w.jpg", {"Plot": "For centuries, thousands of adventurers have answered Alaska's \"call of the wild,\" seeking thrills and fortunes in a state rife with postcard-perfect beauty... and lethal dangers. Take flight across ancient glaciers, rugged mountain ranges, primeval forests, and pristine waterways. Then discover how the state's unique charm has attracted bold visitors, from Russian fur traders to a young survivalist on a one-way trip \"into the wild\" to the thousands of dog sledders facing off in the \"Last Great Race on Earth!\"", "Title": "Aerial America: Alaska's Call of the Wild", "MPAA": "tv-pg", "Genre": "Documentary", "Studio": "Smithsonian Channel", "Duration": 3060}], "/videos/hunt-for-the-super-predator/32754": ["http://www.smithsonianchannel.com/site/image-bin/images/0_0_3400292/0_0_3400292_ful01_200x200.jpg", "http://www.smithsonianchannel.com/site/image-bin/images/0_0_3400292/0_0_3400292_ful01_640w.jpg", {"Plot": "There's a mysterious predator lurking in the depths of Australia's wild Southern Ocean, a beast that savagely devoured a great white shark in front of cinematographer David Riggs 11 years ago. Riggs's obsession to find the killer leads him to an aquatic battle zone that's remained hidden until now. Here, killer whales, colossal squid and great white sharks face off in an underwater coliseum where only the fiercest creatures of the marine world survive.", "Title": "Hunt for the Super Predator", "MPAA": "tv-pg", "Genre": "Documentary", "Studio": "Smithsonian Channel", "Duration": 2763}], "/videos/secrets-of-the-hive/41537": ["http://www.smithsonianchannel.com/site/image-bin/images/0_0_3417615/0_0_3417615_ful01_200x200.jpg", "http://www.smithsonianchannel.com/site/image-bin/images/0_0_3417615/0_0_3417615_ful01_640w.jpg", {"Plot": "Honeybees are in a crisis. Every year we lose about a third of these endangered creatures, which we rely on to pollinate most of the world's daily food. But as farmers face devastating losses, scientists are finding hope in the huge and barely tapped world of the 20,000 species of wild bees. These are the innovative methods and unusual experiments biologists are working on in their race to end this global calamity.", "Title": "Secrets of the Hive", "MPAA": "tv-pg", "Genre": "Documentary", "Studio": "Smithsonian Channel", "Duration": 2760}], "/videos/flesh-and-blood/45277": ["http://www.smithsonianchannel.com/site/image-bin/images/617_1_133841/617_1_133841_ful01_200x200.jpg", "http://www.smithsonianchannel.com/site/image-bin/images/617_1_133841/617_1_133841_ful01_640w.jpg", {"Plot": "Join us as we attempt to decode the powerful symbolism of the crucifixion and the Christian fascination with physical suffering. We'll travel from a church in Dublin, Ireland, that claims to hold the remains of the martyred Saint Valentine, to Pampanga, in the Philippines, where devout believers seek salvation by enduring crucifixion.", "Title": "Decoding Christianity: Flesh & Blood", "MPAA": "tv-pg", "Genre": "Documentary", "Studio": "Smithsonian Channel", "Duration": 2792}], "/videos/queens-of-culture/44098": ["http://www.smithsonianchannel.com/site/image-bin/images/1003587_2_3423926/1003587_2_3423926_ful01_200x200.jpg", "http://www.smithsonianchannel.com/site/image-bin/images/1003587_2_3423926/1003587_2_3423926_ful01_640w.jpg", {"Plot": "They had passions for paintings, music, entertaining, and obliterating the constraints of societal norms. Meet the \"Queens of Culture,\" three modern, empowered Million Dollar American Princesses who blazed a trail through the arts world in Europe and beyond. \"Downton Abbey\" star Elizabeth McGovern shows how Winnaretta Singer, Sara Murphy, and Peggy Guggenheim inspired and supported some of the most innovative creative talents of the 20th century, from Stravinsky and Picasso to F. Scott Fitzgerald and Jackson Pollock.\r\n", "Title": "Million Dollar American Princesses: Queens of Culture", "MPAA": "tv-pg", "Genre": "Documentary", "Studio": "Smithsonian Channel", "Duration": 2760}], "/videos/treblinka-hitlers-killing-machine/29275": ["http://www.smithsonianchannel.com/site/image-bin/images/0_0_3403868/0_0_3403868_ful01_200x200.jpg", "http://www.smithsonianchannel.com/site/image-bin/images/0_0_3403868/0_0_3403868_ful01_640w.jpg", {"Plot": "Forensic archeologist Caroline Sturdy Colls has been granted unprecedented access to excavate one of history's greatest crime scenes: Hitler's secret extermination camp in the Polish village of Treblinka. Here, between 1942 and 1943, 900,000 Jews were sent to their deaths, but for 70 years, all evidence of the camp and its victims had vanished... until now. Follow the quest to unearth the processing rooms, gas chambers, and mass graves Hitler tried to erase from existence and journey into the dark heart of the Nazi's Final Solution.", "Title": "Treblinka: Hitler's Killing Machine", "MPAA": "tv-pg", "Genre": "Documentary", "Studio": "Smithsonian Channel", "Duration": 2760}], "/videos/cruise-ship-down-saving-concordia/29531": ["http://www.smithsonianchannel.com/site/image-bin/images/0_0_3400919/0_0_3400919_ful01_200x200.jpg", "http://www.smithsonianchannel.com/site/image-bin/images/0_0_3400919/0_0_3400919_ful01_640w.jpg", {"Plot": "On January 13, 2012, the largest passenger shipwreck in history occurred when the Costa Concordia struck a submerged rock off Italy's Tuscan coast. Once a floating pleasure palace for more than 4,200 passengers and crew, the half-sunken ship spent the next two years as a grisly tourist attraction...and an ecological time bomb. Relive the night of her crash, captured on video by those aboard the liner. Then witness the monumental engineering challenge that followed as 500 experts from 24 nations teamed up to pry this 114,000-ton ship from her rocky grave.", "Title": "Cruise Ship Down: Saving Costa Concordia", "MPAA": "tv-pg", "Genre": "Documentary", "Studio": "Smithsonian Channel", "Duration": 2760}], "/videos/i-was-a-jet-set-stewardess/31837": ["http://www.smithsonianchannel.com/site/image-bin/images/0_0_3407792/0_0_3407792_ful01_200x200.jpg", "http://www.smithsonianchannel.com/site/image-bin/images/0_0_3407792/0_0_3407792_ful01_640w.jpg", {"Plot": "In the 1960s, jetliners changed passenger travel forever. They also changed the lives of a few fortunate women. Go back to this golden age of commercial flight, when pilots looked like movie stars, passengers ate seven-course meals, and young, charming stewardesses became the glamorous faces of the industry. Through interviews and anecdotes, we detail the evolution of the \"air hostess,\" how they became icons for a generation and why the jet set era opened new career horizons that many women could only dream of.", "Title": "I Was a Jet Set Stewardess", "MPAA": "tv-pg", "Genre": "Documentary", "Studio": "Smithsonian Channel", "Duration": 2760}], "/videos/seeds-of-revolt/43538": ["http://www.smithsonianchannel.com/site/image-bin/images/1003667_1_3416953/1003667_1_3416953_ful01_200x200.jpg", "http://www.smithsonianchannel.com/site/image-bin/images/1003667_1_3416953/1003667_1_3416953_ful01_640w.jpg", {"Plot": "They poured into Mississippi a thousand strong, activists and volunteers, intent on ending racial repression through the Freedom Summer Project. The effort's success relied on local black landowners, families who offered shelter and a degree of economic independence in the form of dirt and deeds. In part one of this two-part series, Danny Glover narrates this untold chapter of American civil rights history, chronicled through archival footage and interviews with the men and women who literally stood their ground against injustice.", "Title": "Mississippi Inferno: Seeds of Revolt", "MPAA": "tv-pg", "Genre": "Documentary", "Studio": "Smithsonian Channel", "Duration": 2762}], "/videos/beautiful-and-doomed/45078": ["http://www.smithsonianchannel.com/site/image-bin/images/1003587_2_3423927/1003587_2_3423927_ful01_200x200.jpg", "http://www.smithsonianchannel.com/site/image-bin/images/1003587_2_3423927/1003587_2_3423927_ful01_640w.jpg", {"Plot": "Host Elizabeth McGovern continues her exploration of the Million Dollar American Princesses who inspired the series \"Downton Abbey\" with the stories of three women who looked for love, but found disaster instead. Witness the tragic tales of Barbara Hutton, Clara Ward, and Kathleen \"Kick\" Kennedy, women of beauty, wealth, and power, who married into European nobility but ended up shunned by society, family, and the happy endings they hoped to achieve.", "Title": "Milllion Dollar American Princesses: Beautiful and Doomed", "MPAA": "tv-pg", "Genre": "Documentary", "Studio": "Smithsonian Channel", "Duration": 2760}], "/videos/hitlers-riches/32032": ["http://www.smithsonianchannel.com/site/image-bin/images/0_0_3404939/0_0_3404939_ful01_200x200.jpg", "http://www.smithsonianchannel.com/site/image-bin/images/0_0_3404939/0_0_3404939_ful01_640w.jpg", {"Plot": "Months after World War II, an extraordinary discovery was made inside a captured Nazi official's coat lining: the last will and testament of Adolf Hitler. Discover the untold story of the notorious dictator's controversial final document, written just hours before he took his life, and learn the secrets he tried to take to his grave. Our investigation reveals the only surviving witness of the will's discovery, the Austrian salt mine where Hitler hid his stolen art collection, and the surprising home of some of Hitler's last-known relatives.", "Title": "Hitler's Riches", "MPAA": "tv-pg", "Genre": "Documentary", "Studio": "Smithsonian Channel", "Duration": 2762}], "/videos/real-beauty-and-the-beast-the/32752": ["http://www.smithsonianchannel.com/site/image-bin/images/0_0_3394874/0_0_3394874_ful01_200x200.jpg", "http://www.smithsonianchannel.com/site/image-bin/images/0_0_3394874/0_0_3394874_ful01_640w.jpg", {"Plot": "It's a condition known as \"hypertrichosis\" or \"Ambras Syndrome,\" but in the 1500s it would transform one man into a national sensation and iconic fairy-tale character. His name: Petrus Gonsalvus, more commonly known today as the hairy hero of Beauty and the Beast. Discover the facts behind the fable as we follow Petrus's remarkable life with a very rare and hairy genetic condition. Then learn about this medical phenomenon, which continues to fascinate and perplex scientists to this day.", "Title": "The Real Beauty and the Beast", "MPAA": "tv-pg", "Genre": "Documentary", "Studio": "Smithsonian Channel", "Duration": 2767}], "/videos/skateboard-nation/20672": ["http://www.smithsonianchannel.com/site/image-bin/images/0_0_141110/0_0_141110_ful01_200x200.jpg", "http://www.smithsonianchannel.com/site/image-bin/images/0_0_141110/0_0_141110_ful01_640w.jpg", {"Plot": "Get stoked for a high-flying, adrenaline-fueled adventure. Explore the underground movement that's helping Native American youth throughout the U.S. soar above life's challenges, one half-pipe at a time. Skateboarding is increasingly popular on Indian reservations, cultivating athletes, artists, entrepreneurs and mentors. From the streets of Albuquerque to New York City, from Washington, D.C. to Pine Ridge, SD, the sport is fueling a new form of self-expression and pride.", "Title": "Skateboard Nation", "MPAA": "tv-pg", "Genre": "Documentary", "Studio": "Smithsonian Channel", "Duration": 3060}], "/videos/the-gunslinger-mummy/38817": ["http://www.smithsonianchannel.com/site/image-bin/images/1003749_1_3418244/1003749_1_3418244_ful01_200x200.jpg", "http://www.smithsonianchannel.com/site/image-bin/images/1003749_1_3418244/1003749_1_3418244_ful01_640w.jpg", {"Plot": "Was he a mythic gunslinging outlaw or a destitute thieving loner? No one knows the true story of Sylvester, the petrified cowboy that now resides at a curiosity shop in Seattle. But one thing's for certain: He is one miraculously preserved mummy. Through hands-on experimentation and contributions from experts in embalming, ballistics, and the history of the American West, we explore the life and death of the man who became a legend. Then we investigate the cowboys, con men, and sideshows that played a crucial part in his incredible story.", "Title": "Mummies Alive: The Gunslinger Mummy", "MPAA": "tv-pg", "Genre": "Documentary", "Studio": "Smithsonian Channel", "Duration": 2760}], "/videos/small-mistakes/39278": ["http://www.smithsonianchannel.com/site/image-bin/images/1003202_1_3389257/1003202_1_3389257_ful01_200x200.jpg", "http://www.smithsonianchannel.com/site/image-bin/images/1003202_1_3389257/1003202_1_3389257_ful01_640w.jpg", {"Plot": "It takes over a hundred people to keep one modern airliner flying, and almost everyone involved, from manufacturers to ground control to maintenance engineers to air traffic controllers, perform safety-critical roles. That's a lot of people under a lot of pressure in an industry where one tiny oversight can prove catastrophic. See how a loose bolt, a tripped circuit breaker, a fatigue crack and other small issues have led to big problems for pilots and their passengers, with cockpit recordings and footage captured on passengers' cell phones.", "Title": "Terror in the Skies: Small Mistakes", "MPAA": "tv-pg", "Genre": "Documentary", "Studio": "Smithsonian Channel", "Duration": 2738}]}