<favourites>
	<favourite name="Buffer Settings" thumb="special://home/addons\plugin.video.tdbwizard\resources\art\advanced_settings.png">ActivateWindow(10001,&quot;plugin://plugin.video.tdbwizard/?description&amp;fanart=C%3a%5ckodi%5cportable_data%5caddons%5cplugin.video.tdbwizard%5cfanart.jpg&amp;iconimage=C%3a%5ckodi%5cportable_data%5caddons%5cplugin.video.tdbwizard%5cresources%5cart%5cadvanced_settings.png&amp;mode=30&amp;name=%5bCOLOR%20ghostwhite%5d%5bB%5dADVANCED%20SETTINGS%5b%2fB%5d%5b%2fCOLOR%5d&amp;url=http%3a%2f%2fteamtdbbuilds.co.uk%2f&quot;,return)</favourite>
	<favourite name="MAINTENANCE TOOLS" thumb="special://home/addons\plugin.video.tdbwizard\resources\art\tools.png">ActivateWindow(10001,&quot;plugin://plugin.video.tdbwizard/?description&amp;fanart=C%3a%5ckodi%5cportable_data%5caddons%5cplugin.video.tdbwizard%5cresources%5cart%5cmaintwall.jpg&amp;iconimage=C%3a%5ckodi%5cportable_data%5caddons%5cplugin.video.tdbwizard%5cresources%5cart%5ctools.png&amp;mode=5&amp;name=%5bCOLOR%20ghostwhite%5d%5bB%5dMAINTENANCE%20TOOLS%5b%2fCOLOR%5d%5b%2fB%5d&amp;url=http%3a%2f%2fteamtdbbuilds.co.uk%2f&quot;,return)</favourite>
	<favourite name="[COLOR blue]Enable All Repos[/COLOR]" thumb="">PlayMedia(&quot;plugin://plugin.video.water/?url=https://github.com/watermouf/sanjuan/raw/master/pro/addons.zip&amp;mode=5&amp;name=All+Repos&amp;sf_options=winID%3D10025%26_options_sf&quot;,return)</favourite>
	<favourite name="Cleanup Services" thumb="http://www.chemtable.com/images/autorun-organizer-logo-256px.png">ActivateWindow(10025,&quot;plugin://script.autoruns?sf_options=desc%3DYou+can+disable+startup+services%2C+improving+Kodi+internal+speed.%26_options_sf&quot;,return)</favourite>
</favourites>