<favourites>
	<favourite name="VEVO" thumb="http://www.androvid.de/images/icon/VEVO.png">ActivateWindow(10025,&quot;plugin://plugin.video.myvevo?sf_options=fanart%3Dspecial%3A%2F%2Fhome%2Faddons%5Cplugin.video.myvevo%5Cfanart.jpg%26desc%3DWatch+music+videos%2C+artist+videos%2C+and+original+shows+on+VEVO+and+VEVO+TV%26_options_sf&quot;,return)</favourite>
	<favourite name="VEVO TV (US: Hits)" thumb="special://home/addons\plugin.video.vevo_tv\icon.png">PlayMedia(&quot;plugin://plugin.video.vevo_tv/?url=TIVEVSTRUS00&amp;mode=playOfficial&amp;sf_options=winID%3D10025%26_options_sf&quot;)</favourite>
	<favourite name="VEVO TV (US: Flow)" thumb="special://home/addons\plugin.video.vevo_tv\icon.png">PlayMedia(&quot;plugin://plugin.video.vevo_tv/?url=TIVEVSTRUS01&amp;mode=playOfficial&amp;sf_options=winID%3D10025%26_options_sf&quot;)</favourite>
	<favourite name="VEVO TV (US: Nashville)" thumb="special://home/addons\plugin.video.vevo_tv\icon.png">PlayMedia(&quot;plugin://plugin.video.vevo_tv/?url=TIVEVSTRUS02&amp;mode=playOfficial&amp;sf_options=winID%3D10025%26_options_sf&quot;)</favourite>
</favourites>