<favourites>

	 <favourite name="Indian Movies" thumb="C:\kodi\portable_data\addons\script.aftershock.artwork\resources\media\default\movies.png">ActivateWindow(10025,&quot;plugin://plugin.video.aftershock/?action=movieLangNavigator&amp;name=Movies&quot;,return)</favourite>
	  <favourite name="Indian TV onDemand" thumb="C:\kodi\portable_data\addons\script.aftershock.artwork\resources\media\default\tv-vod.png">ActivateWindow(10025,&quot;plugin://plugin.video.aftershock/?action=desiTVNavigator&amp;name=TV&quot;,return)</favourite>
				<favourite name="More..." thumb="">ActivateWindow(10025,&quot;plugin://plugin.video.ZemTV-shani/?mode=83&amp;name=Indian%2fPakistani%20Shows%2fDramas&amp;url=IndPakLive&quot;,return)</favourite>
		<favourite name="" thumb="">ActivateWindow(10025,&quot;plugin://plugin.video.&quot;)</favourite>
 <favourite name="Indian Channels" thumb="">ActivateWindow(10025,&quot;plugin://plugin.video.aftershock/?action=desiLiveNavigator&amp;name=Live&quot;,return)</favourite>
	<favourite name="Indian Channels - SwiftStreamz" thumb="http://swiftstreamz.com/SwiftStream/images/thumbs/73082_67542_INDIAN.jpg|User-Agent=Dalvik/2.1.0 (Linux; U; Android 6.0; XT1072 Build/MPB24.65-34)&amp;Host=swiftstreamz.com&amp;Accept-Encoding=gzip&amp;Connection=Keep-Alive">ActivateWindow(10025,&quot;plugin://plugin.video.gobble/?iconimage=http%3a%2f%2fswiftstreamz.com%2fSwiftStream%2fimages%2fthumbs%2f73082_67542_INDIAN.jpg%7cUser-Agent%3dDalvik%2f2.1.0%20(Linux%3b%20U%3b%20Android%206.0%3b%20XT1072%20Build%2fMPB24.65-34)%26Host%3dswiftstreamz.com%26Accept-Encoding%3dgzip%26Connection%3dKeep-Alive&amp;mode=1&amp;name=INDIAN%20TV&amp;url=http%3a%2f%2fswiftstreamz.com%2fSwiftStream%2fapi.php%3fcat_id%3d21&quot;,return)</favourite>
    	<favourite name="Indian Channels - Zem" thumb="">ActivateWindow(10025,&quot;plugin://plugin.video.ZemTV-shani/?mode=2&amp;name=Indian%20Live%20Channels&amp;url=IndianLive&quot;,return)</favourite>
	
     <favourite name="Indian Channels - FilmOn" thumb="https://static.filmon.com/assets/groups/218/big_logo.png">ActivateWindow(10025,&quot;plugin://plugin.video.SportsDevil/?item=url.tmp%3d%252Fgroup%252Findian-tv%26title%3dINDIAN%2bTV%26url%3dhttp%253A%252F%252Fwww.filmon.com%252Fgroup%252Findian-tv%26cfg%3dfilmon.com.cfg%2540Channels%26definedIn%3dcustoms%252Ffilmon.com.cfg%26director%3dfilmon.com%26genre%3dLive%2bTV%26type%3drss%26icon%3dhttps%253A%252F%252Fstatic.filmon.com%252Fassets%252Fgroups%252F218%252Fbig_logo.png&amp;mode=1&quot;,return)</favourite>
<favourite name="" thumb="">ActivateWindow(10025,&quot;plugin://plugin.video.&quot;)</favourite>
	 
	 <favourite name="Punjabi Channels - SwiftStreamz" thumb="http://swiftstreamz.com/SwiftStream/images/thumbs/16371_45765_PUNJABI.jpg|User-Agent=Dalvik/2.1.0 (Linux; U; Android 6.0; XT1072 Build/MPB24.65-34)&amp;Host=swiftstreamz.com&amp;Accept-Encoding=gzip&amp;Connection=Keep-Alive">ActivateWindow(10025,&quot;plugin://plugin.video.gobble/?iconimage=http%3a%2f%2fswiftstreamz.com%2fSwiftStream%2fimages%2fthumbs%2f16371_45765_PUNJABI.jpg%7cUser-Agent%3dDalvik%2f2.1.0%20(Linux%3b%20U%3b%20Android%206.0%3b%20XT1072%20Build%2fMPB24.65-34)%26Host%3dswiftstreamz.com%26Accept-Encoding%3dgzip%26Connection%3dKeep-Alive&amp;mode=1&amp;name=PUNJABI%20TV&amp;url=http%3a%2f%2fswiftstreamz.com%2fSwiftStream%2fapi.php%3fcat_id%3d31&quot;,return)</favourite>
	<favourite name="Punjabi Channels - Zem" thumb="">ActivateWindow(10025,&quot;plugin://plugin.video.ZemTV-shani/?mode=2&amp;name=Punjabi%20Live%20Channels&amp;url=PunjabiLive&quot;,return)</favourite>
	<favourite name="" thumb="">ActivateWindow(10025,&quot;plugin://plugin.video.&quot;)</favourite>
	<favourite name="South Indian Channels - SwiftStreamz" thumb="http://swiftstreamz.com/SwiftStream/images/thumbs/38077_21840_SOUTHINDIAN.jpg|User-Agent=Dalvik/2.1.0 (Linux; U; Android 6.0; XT1072 Build/MPB24.65-34)&amp;Host=swiftstreamz.com&amp;Accept-Encoding=gzip&amp;Connection=Keep-Alive">ActivateWindow(10025,&quot;plugin://plugin.video.gobble/?iconimage=http%3a%2f%2fswiftstreamz.com%2fSwiftStream%2fimages%2fthumbs%2f38077_21840_SOUTHINDIAN.jpg%7cUser-Agent%3dDalvik%2f2.1.0%20(Linux%3b%20U%3b%20Android%206.0%3b%20XT1072%20Build%2fMPB24.65-34)%26Host%3dswiftstreamz.com%26Accept-Encoding%3dgzip%26Connection%3dKeep-Alive&amp;mode=1&amp;name=SOUTH%20INDIAN&amp;url=http%3a%2f%2fswiftstreamz.com%2fSwiftStream%2fapi.php%3fcat_id%3d33&quot;,return)</favourite>
	
	<favourite name="" thumb="">ActivateWindow(10025,&quot;plugin://plugin.video.&quot;)</favourite>
	<favourite name="ZemTV.com" thumb="special://home/addons\plugin.video.ZemTV-shani\icon.png">ActivateWindow(10025,&quot;plugin://plugin.video.ZemTV-shani/?sf_options=desc%3DWatch+ZemTV.com+on+your+XBMC.+This+plugin+fetches+the+video+sources+from+ZemTV.com+and+play+on+XBMC+compatible+plateforms%26_options_sf&quot;,return)</favourite>
	<favourite name="AfterShock" thumb="special://home/addons\plugin.video.aftershock\icon.png">ActivateWindow(10025,&quot;plugin://plugin.video.aftershock/&quot;,return)</favourite>
	<favourite name="SwiftStreamz" thumb="special://home/addons\plugin.video.pakindia\icon.png">ActivateWindow(10025,&quot;plugin://plugin.video.gobble/&quot;,return)</favourite>
	<favourite name="DesiZone" thumb="special://home/addons\plugin.video.tvondesizonexl\icon.png">RunScript(&quot;plugin.video.tvondesizonexl&quot;,return)</favourite>
</favourites>