<favourites>
	
	<favourite name="Advanced" thumb="">ActivateWindow(10025,&quot;plugin://plugin.program.super.favourites/?label=Advanced&amp;mode=400&amp;folder=More%2FSettings%2FAdvanced&amp;sf_options=fanart%3DC%3A%5%26_options_sf&quot;)</favourite>
	<favourite name="[COLOR azure]More Tools[/COLOR]" thumb="http://findicons.com/files/icons/1261/sticker_system/256/get_info.png">ActivateWindow(10025,&quot;plugin://plugin.program.super.favourites/?folder=More/Settings/Maintenance/More Tools&quot;,return)</favourite>
	<favourite name="Kodi Settings" thumb="https://lh4.ggpht.com/lQ3HQcoNO7KAuMSiTD_FmU6CsKFTBn7P_qaY5WXJfnjvVQg7AF_hx9g3JkW-vWfE9DQ=w300">ActivateWindow(Settings)</favourite>
	<favourite name="[COLOR azure]System Info[/COLOR]" thumb="http://findicons.com/files/icons/1261/sticker_system/256/get_info.png">ActivateWindow(systeminfo)</favourite>
</favourites>