<favourites>
	<favourite name="The Jackson 5ive (24 videos)" thumb="special://home/addons\plugin.video.funniermoments\icon.png">ActivateWindow(10025,&quot;plugin://plugin.video.funniermoments/?image=C%3a%5ckodi151%5cportable_data%5caddons%5cplugin.video.funniermoments%5cicon.png&amp;mode=500&amp;page=1&amp;title=The%20Jackson%205ive%20(24%20videos)&amp;url=http%3a%2f%2fwww.funniermoments.com%2fbrowse-jacksonfive-videos-1-date.html&amp;sf_options=&quot;,return)</favourite>
	<favourite name="The Amazing Chan and the Chan Clan (16 videos)" thumb="  ">ActivateWindow(10025,&quot;plugin://plugin.video.funniermoments/?image=C%3a%5ckodi15f%5cportable_data%5caddons%5cplugin.video.funniermoments%5cicon.png&amp;mode=500&amp;page=1&amp;title=The%20Amazing%20Chan%20and%20the%20Chan%20Clan%20(16%20videos)&amp;url=http%3a%2f%2fwww.funniermoments.com%2fbrowse-amazingchanandthechanclan-videos-1-date.html&amp;sf_options=&quot;,return)</favourite>
	<favourite name="Pac-Man [The Series]" thumb="https://seriesdeantes.files.wordpress.com/2010/05/series20-20pac-man.jpg">ActivateWindow(10025,&quot;plugin://plugin.video.funniermoments/?image=C%3a%5ckodi15f%5cportable_data%5caddons%5cplugin.video.funniermoments%5cicon.png&amp;mode=500&amp;page=1&amp;title=Pac-Man%20%5bThe%20Series%5d%20(22%20videos)&amp;url=http%3a%2f%2fwww.funniermoments.com%2fbrowse-pacman-videos-1-date.html&amp;sf_options=&quot;,return)</favourite>
	<favourite name="Frankenstein Jr. (18 videos)" thumb="  ">ActivateWindow(10025,&quot;plugin://plugin.video.funniermoments/?image=C%3a%5ckodi15f%5cportable_data%5caddons%5cplugin.video.funniermoments%5cicon.png&amp;mode=500&amp;page=1&amp;title=Frankenstein%20Jr.%20(18%20videos)&amp;url=http%3a%2f%2fwww.funniermoments.com%2fbrowse-frankensteinjr-videos-1-date.html&amp;sf_options=&quot;,return)</favourite>
	<favourite name="Chuck Norris - Karate Kommandos (5 videos)" thumb="  ">ActivateWindow(10025,&quot;plugin://plugin.video.funniermoments/?image=C%3a%5ckodi15f%5cportable_data%5caddons%5cplugin.video.funniermoments%5cicon.png&amp;mode=500&amp;page=1&amp;title=Chuck%20Norris%20-%20Karate%20Kommandos%20(5%20videos)&amp;url=http%3a%2f%2fwww.funniermoments.com%2fbrowse-karatekommandos-videos-1-date.html&amp;sf_options=&quot;,return)</favourite>
	<favourite name="Auggie Doggie &amp; Doggie Daddy (45 videos)" thumb="special://home/addons\plugin.video.funniermoments\icon.png">ActivateWindow(10025,&quot;plugin://plugin.video.funniermoments/?image=C%3a%5ckodi151%5cportable_data%5caddons%5cplugin.video.funniermoments%5cicon.png&amp;mode=500&amp;page=1&amp;title=Auggie%20Doggie%20%26%20Doggie%20Daddy%20(45%20videos)&amp;url=http%3a%2f%2fwww.funniermoments.com%2fbrowse-auggie-videos-1-date.html&amp;sf_options=&quot;,return)</favourite>
	<favourite name="Top-Cat (31 videos)" thumb="special://home/addons\plugin.video.funniermoments\icon.png">ActivateWindow(10025,&quot;plugin://plugin.video.funniermoments/?image=C%3a%5ckodi151%5cportable_data%5caddons%5cplugin.video.funniermoments%5cicon.png&amp;mode=500&amp;page=1&amp;title=Top-Cat%20(31%20videos)&amp;url=http%3a%2f%2fwww.funniermoments.com%2fbrowse-topcat-videos-1-date.html&amp;sf_options=&quot;,return)</favourite>
	<favourite name="Speed Buggy (16 videos)" thumb="special://home/addons\plugin.video.funniermoments\icon.png">ActivateWindow(10025,&quot;plugin://plugin.video.funniermoments/?image=C%3a%5ckodi%5cportable_data%5caddons%5cplugin.video.funniermoments%5cicon.png&amp;mode=500&amp;page=1&amp;title=Speed%20Buggy%20(16%20videos)&amp;url=http%3a%2f%2fwww.toon.is%2fbrowse-speedbuggy-videos-1-date.html&amp;sf_options=fanart%3Dspecial%3A%2F%2Fhome%2Faddons%5Cplugin.video.funniermoments%5Cfanart.jpg%26_options_sf&quot;,return)</favourite>
	<favourite name="Animated Hero Classics (20 videos)" thumb="special://home/addons\plugin.video.funniermoments\icon.png">ActivateWindow(10025,&quot;plugin://plugin.video.funniermoments/?image=C%3a%5ckodi151%5cportable_data%5caddons%5cplugin.video.funniermoments%5cicon.png&amp;mode=500&amp;page=1&amp;title=Animated%20Hero%20Classics%20(20%20videos)&amp;url=http%3a%2f%2fwww.funniermoments.com%2fbrowse-animatedheroclassics-videos-1-date.html&amp;sf_options=&quot;,return)</favourite>
	<favourite name="He-Man [Minisode Edition]" thumb="http://www.toon.is/uploads/thumbs/cd0bfc58b-1.jpg">ActivateWindow(10025,&quot;plugin://plugin.video.funniermoments/?image=C%3a%5ckodi15f%5cportable_data%5caddons%5cplugin.video.funniermoments%5cicon.png&amp;mode=500&amp;page=1&amp;title=He-Man%20%5bMinisode%20Edition%5d%20(30%20videos)&amp;url=http%3a%2f%2fwww.funniermoments.com%2fbrowse-heman-videos-1-date.html&amp;sf_options=&quot;,return)</favourite>
	<favourite name="Woody Woodpecker" thumb="http://www.toon.is/uploads/thumbs/120fb00c4-1.jpg">ActivateWindow(10025,&quot;plugin://plugin.video.funniermoments/?image=C%3a%5ckodi15f%5cportable_data%5caddons%5cplugin.video.funniermoments%5cicon.png&amp;mode=500&amp;page=1&amp;title=Woody%20Woodpecker%20(90%20videos)&amp;url=http%3a%2f%2fwww.funniermoments.com%2fbrowse-woodywoodpecker-videos-1-date.html&amp;sf_options=&quot;,return)</favourite>
	<favourite name="Danger Mouse" thumb="http://www.funniermoments.com/uploads/tm_category_img/94_category_img_th.jpg">ActivateWindow(10025,&quot;plugin://plugin.video.funniermoments/?image=C%3a%5ckodi15f%5cportable_data%5caddons%5cplugin.video.funniermoments%5cicon.png&amp;mode=500&amp;page=1&amp;title=Danger%20Mouse%20(89%20videos)&amp;url=http%3a%2f%2fwww.funniermoments.com%2fbrowse-dangermouse-videos-1-date.html&amp;sf_options=&quot;,return)</favourite>
	<favourite name="Casper the Friendly Ghost" thumb="http://www.toon.is/uploads/thumbs/c49f1d59c-1.jpg">ActivateWindow(10025,&quot;plugin://plugin.video.funniermoments/?image=C%3a%5ckodi15f%5cportable_data%5caddons%5cplugin.video.funniermoments%5cicon.png&amp;mode=500&amp;page=1&amp;title=Casper%20the%20Friendly%20Ghost%20(57%20videos)&amp;url=http%3a%2f%2fwww.funniermoments.com%2fbrowse-casperthefriendlyghost-videos-1-date.html&amp;sf_options=&quot;,return)</favourite>
</favourites>