<favourites>
	<favourite name="iHeartRadio" thumb="https://lh3.googleusercontent.com/YARR2HEM0sHh8RO8NygmV5CqIZxxDthWTFIG1B3NVJvksfPX0lr8yWr4m9Xekj28zQ=w175">ActivateWindow(10025,&quot;plugin://plugin.audio.iheart/?sf_options=fanart%3Dspecial%3A%2F%2Fhome%2Faddons%5Cplugin.audio.iheart%5Cfanart.jpg%26meta%3Duserrating%253DListItem.userrating%2526label%253DiHeartRadio%26desc%3DListen+to+more+than+1%2C500+live+radio+stations+from+coast-to-coast+including+pop%2C+country%2C+urban%2C+rock%2C+talk%2C+and+college.%5BCR%5D%0A++++Browse+radio+stations+by+music+genre+and+location.%5BCR%5D%0A++++Read+more%3A+http%3A%2F%2Fnews.iheart.com%2Fabout%2F%26_options_sf&quot;,return)</favourite>
	<favourite name="New Albums" thumb="http://www.lehwego.com/wp-content/uploads/2016/05/20160322_131745_35_m2.jpg">ActivateWindow(10501,&quot;plugin://plugin.audio.mp3streams/?iconimage=C%3a%5ckodi%5cportable_data%5caddons%5cplugin.audio.mp3streams%5cart%2fnewalbums.jpg&amp;list=new%20albums%3c%3ehttp%3a%2f%2fmusicmp3.ru%2fnew_albums.html%3c%3eC%3a%5ckodi%5cportable_data%5caddons%5cplugin.audio.mp3streams%5cart%2fnewalbums.jpg&amp;mode=12&amp;name=New%20Albums&amp;type&amp;url=http%3a%2f%2fmusicmp3.ru%2fnew_albums.html&quot;,return)</favourite>
	<favourite name="Top Albums" thumb="http://jeanviet.info/blogimg/top-albums.jpg">ActivateWindow(10501,&quot;plugin://plugin.audio.mp3streams/?iconimage=C%3a%5ckodi%5cportable_data%5caddons%5cplugin.audio.mp3streams%5cart%2ftopalbums.jpg&amp;list=top%20albums%3c%3ehttp%3a%2f%2fmusicmp3.ru%2fgenres.html%3c%3eC%3a%5ckodi%5cportable_data%5caddons%5cplugin.audio.mp3streams%5cart%2ftopalbums.jpg&amp;mode=12&amp;name=Top%20Albums&amp;type&amp;url=http%3a%2f%2fmusicmp3.ru%2fgenres.html&quot;,return)</favourite>
	<favourite name="Artists" thumb="http://icons.iconarchive.com/icons/icons-land/vista-people/128/Occupations-Guitarist-Male-Light-icon.png">ActivateWindow(10025,&quot;plugin://plugin.audio.mp3streams/?iconimage=C%3a%5ckodi%5cportable_data%5caddons%5cplugin.audio.mp3streams%5cart%2fartists.jpg&amp;list=artists%3c%3ehttp%3a%2f%2fmusicmp3.ru%2fartists.html%3c%3eC%3a%5ckodi%5cportable_data%5caddons%5cplugin.audio.mp3streams%5cart%2fartists.jpg&amp;mode=21&amp;name=Artists&amp;type&amp;url=http%3a%2f%2fmusicmp3.ru%2fartists.html&quot;,return)</favourite>
	<favourite name="Google Music" thumb="http://icons.iconarchive.com/icons/alecive/flatwoken/512/Apps-Google-Music-icon.png">ActivateWindow(10501,&quot;plugin://plugin.audio.googlemusic.exp?sf_options=fanart%3Dspecial%3A%2F%2Fhome%2Faddons%5Cplugin.audio.googlemusic.exp%5Cfanart.jpg%26desc%3DPlugin+that+lets+you+play+music+from+Google+Music.%26_options_sf&quot;,return)</favourite>
	<favourite name="[COLOR black]Audio[/COLOR]" thumb="">ActivateWindow(10025,&quot;plugin://plugin.program.super.favourites/?sf_options=&amp;mode=400&amp;path=special%3A%2F%2Fhome%2Faddons%2Fscript.supafav%2FSuper%20Favourites/More%2FMusic%5CAudio&amp;sf_options=fanart%3DNULL%26_options_sf&amp;sf_options=&quot;)</favourite>
</favourites>