<favourites>
	<favourite name="Currently downloading add-ons" thumb="DefaultNetwork.png">ActivateWindow(10040,&quot;addons://downloading/&quot;,return)</favourite>
	<favourite name="Reset Skin" thumb="DefaultNetwork.png">Skin.ResetSettings</favourite>
	<favourite name="Reload Skin" thumb="DefaultNetwork.png">ReloadSkin(skin.water2)</favourite>
	<favourite name="waterTV" thumb="http://s27.postimg.org/b3lt20trn/Cool_Text_167996275041331.png">ActivateWindow(10025,&quot;&quot;)</favourite>
	<favourite name="waterTV PRO" thumb="https://lh6.ggpht.com/dL9--GgOGLaQxycrYCgvyyxU-dn6L9_eHf73Exwm_D8_1aciSfGEFCxcMs6jRc-hmf4c=w300">ActivateWindow(10001,&quot;plugin://plugin.pro.water/?content_type=executable&quot;,return)</favourite>
</favourites>