<?xml version="1.0" encoding="UTF-8"?>
<includes>
	<variable name="TVTimerRadioButtonTexture">
		<value condition="!StringCompare(ListItem.Comment,$LOCALIZE[305])">buttons/radio-button-on.png</value>
		<value>buttons/radio-button-off.png</value>
	</variable>
	<variable name="PVRStatusImageVar">
		<value condition="ListItem.IsRecording">windows/pvr/record.png</value>
		<value condition="ListItem.HasTimer + !ListItem.IsRecording + !ListItem.HasTimerSchedule">windows/pvr/timer.png</value>
		<value condition="ListItem.HasTimerSchedule + !ListItem.IsRecording">windows/pvr/timer.png</value>
		<value condition="ListItem.HasRecording + !ListItem.IsRecording + !ListItem.HasTimer">windows/pvr/timer.png</value>
	</variable>
	<variable name="SongTitleVar">
		<value condition="StringCompare(ListItem.Label,..)">..</value>
		<value>$INFO[ListItem.Title]</value>
	</variable>
	<variable name="NowPlayingMainlabelVar">
		<value condition="VideoPlayer.Content(LiveTV)">$INFO[Player.Title]</value>
		<value>$INFO[Player.Time]$INFO[Player.Title, - ]</value>
	</variable>
	<variable name="AutoCompletionContentVar">
		<value condition="!System.HasAddon(plugin.program.autocompletion) | System.HasHiddenInput">-</value>
		<value>plugin://plugin.program.autocompletion?info=autocomplete&amp;&amp;id=$INFO[Control.GetLabel(312).index(1)]&amp;&amp;limit=9</value>
	</variable>
	<variable name="PlaylistLabel2Var">
		<value condition="Window.IsActive(musicplaylist)">$INFO[ListItem.Duration]</value>
		<value>$INFO[ListItem.Duration,, $LOCALIZE[12391]]</value>
	</variable>
	<variable name="AddonCountLabel">
		<value condition="IntegerGreaterThan(Container(8000).NumItems,10)">&gt;9</value>
		<value condition="IntegerGreaterThan(Container(8000).NumItems,9)">9</value>
		<value condition="IntegerGreaterThan(Container(8000).NumItems,8)">8</value>
		<value condition="IntegerGreaterThan(Container(8000).NumItems,7)">7</value>
		<value condition="IntegerGreaterThan(Container(8000).NumItems,6)">6</value>
		<value condition="IntegerGreaterThan(Container(8000).NumItems,5)">5</value>
		<value condition="IntegerGreaterThan(Container(8000).NumItems,4)">4</value>
		<value condition="IntegerGreaterThan(Container(8000).NumItems,3)">3</value>
		<value condition="IntegerGreaterThan(Container(8000).NumItems,2)">2</value>
		<value condition="IntegerGreaterThan(Container(8000).NumItems,1)">1</value>
		<value>[COLOR grey]0[/COLOR]</value>
	</variable>
	<variable name="MusicInfoTextboxVar">
		<!-- <value condition="Container.Content(songs)">$INFO[ListItem.ContributorAndRole,[B]$LOCALIZE[31128][/B][CR][COLOR=white],[/COLOR]]</value> -->
		<value condition="Container.Content(albums)">$INFO[ListItem.Property(Album_Description),[B]$LOCALIZE[183][/B][CR][COLOR=white],[/COLOR]]</value>
		<value>$INFO[ListItem.Property(Artist_Description),[B]$LOCALIZE[21887][/B][CR][COLOR=white],[/COLOR]]</value>
	</variable>
	<variable name="NowPlayingSublabelVar">
		<value condition="VideoPlayer.Content(episodes)">$INFO[VideoPlayer.TvShowTitle]</value>
		<value condition="VideoPlayer.Content(movies)">$INFO[VideoPlayer.Year]$INFO[VideoPlayer.Genre, - ]</value>
		<value condition="VideoPlayer.Content(livetv)">$INFO[VideoPlayer.ChannelName]</value>
		<value condition="Player.HasAudio">$INFO[MusicPlayer.Artist]</value>
	</variable>
	<variable name="GlobalFanartVar">
		<value condition="Skin.HasSetting(use_custom_bg) + !IsEmpty(Skin.String(custom_background))">$INFO[Skin.String(custom_background)]</value>
		<value>special://skin/extras/backgrounds/$INFO[Skin.CurrentTheme].jpg</value>
	</variable>
	<variable name="FullScreenInfoTextBoxVar">
		<value condition="Control.HasFocus(5552)">$INFO[VideoPlayer.Duration,$LOCALIZE[180]: [B],[/B][CR]]</value>
		<value condition="Control.HasFocus(5553)">$INFO[VideoPlayer.Tagline,[B],[/B][CR]]$INFO[VideoPlayer.Plot]</value>
		<value condition="Control.HasFocus(5555)">$INFO[VideoPlayer.NextTitle,[B],[/B][CR]]$INFO[VideoPlayer.NextPlot]</value>
		<value>$INFO[VideoPlayer.CastAndRole]</value>
	</variable>
	<variable name="NowPlayingIconVar">
		<value condition="Player.Paused">icons/now-playing/pause.png</value>
		<value>icons/now-playing/play.png</value>
	</variable>
	<variable name="NowPlayingPosterVar">
		<value condition="!IsEmpty(Player.Art(poster))">$INFO[Player.Art(poster)]</value>
		<value condition="!IsEmpty(Player.Art(tvshow.poster))">$INFO[Player.Art(tvshow.poster)]</value>
		<value condition="IsEmpty(Player.Art(thumb)) + VideoPlayer.Content(livetv)">DefaultTVShowsSquare.png</value>
		<value>$INFO[Player.Art(thumb)]</value>
	</variable>
	<variable name="ShiftThumbVar">
		<value condition="StringCompare(ListItem.Label,..)">DefaultFolderBack.png</value>
		<value condition="IsEmpty(Listitem.Thumb) + [Container.Content(albums) | Container.Content(artists)]">DefaultAudio.png</value>
		<value condition="ListItem.IsFolder + IsEmpty(ListItem.Thumb)">DefaultFolder.png</value>
		<value>$INFO[ListItem.Thumb]</value>
	</variable>
	<variable name="IconWallThumbVar">
		<value condition="Container.Content(studios)">$INFO[ListItem.Label,resource://resource.images.studios.white/,.png]</value>
		<value condition="SubString(ListItem.Icon,Default,left)">$INFO[ListItem.Icon,icons/defaulticons/]</value>
		<value>$INFO[ListItem.Thumb]</value>
	</variable>
	<variable name="ListLabel2Var">
		<value condition="StringCompare(Container.SortMethod,$LOCALIZE[556])">$INFO[ListItem.Year]</value>
		<value>$INFO[ListItem.Label2]</value>
	</variable>
	<variable name="ShiftLeftTextBoxVar">
		<value condition="Window.IsActive(pictures)">$INFO[ListItem.Property(description),,[CR]]$INFO[ListItem.PictureDatetime,[COLOR button_focus]$LOCALIZE[552]:  [/COLOR],[CR]]$INFO[ListItem.PictureResolution,[COLOR button_focus]$LOCALIZE[169]:  [/COLOR],[CR]]$INFO[ListItem.PictureCamMake,[COLOR button_focus]$LOCALIZE[31041]:  [/COLOR],[CR]]$INFO[ListItem.PictureCamModel,[COLOR button_focus]$LOCALIZE[21823]:  [/COLOR],[CR]]</value>
		<value condition="Container.Content(artists)">$INFO[ListItem.Genre,[COLOR button_focus]$LOCALIZE[515]:  [/COLOR],[CR]]$INFO[ListItem.Property(Artist_YearsActive),[COLOR button_focus]$LOCALIZE[21898]:  [/COLOR],[CR]]$INFO[ListItem.Property(Artist_Style),[COLOR button_focus]$LOCALIZE[736]:  [/COLOR],[CR]]</value>
		<value condition="Container.Content(albums)">$INFO[ListItem.Year,[COLOR button_focus]$LOCALIZE[345]:  [/COLOR],[CR]]$INFO[ListItem.Genre,[COLOR button_focus]$LOCALIZE[515]:  [/COLOR],[CR]]$INFO[ListItem.Property(album_label),[COLOR button_focus]$LOCALIZE[21899]:  [/COLOR],[CR]]$INFO[ListItem.Property(album_style),[COLOR button_focus]$LOCALIZE[736]:  [/COLOR],[CR]]</value>
		<value condition="Stringcompare(Listitem.DBType,season) | Stringcompare(Listitem.DBType,tvshow)">$INFO[ListItem.Genre,[COLOR button_focus]$LOCALIZE[515]:  [/COLOR],[CR]]$INFO[ListItem.Property(NumEpisodes),[COLOR button_focus]$LOCALIZE[20360]:  [/COLOR]]$INFO[ListItem.Property(UnWatchedEpisodes), ($LOCALIZE[31064]: ,)]$INFO[ListItem.Premiered,[CR][COLOR button_focus]$LOCALIZE[20416]:  [/COLOR]]</value>
		<value>$INFO[ListItem.Genre,[COLOR button_focus]$LOCALIZE[515]:  [/COLOR],[CR]]$INFO[ListItem.Director,[COLOR button_focus]$LOCALIZE[20339]:  [/COLOR],[CR]]$INFO[ListItem.Writer,[COLOR button_focus]$LOCALIZE[20417]:  [/COLOR],[CR]]$INFO[ListItem.Duration,[COLOR button_focus]$LOCALIZE[180]:  [/COLOR], $LOCALIZE[31060][CR]]$INFO[ListItem.Premiered,[COLOR button_focus]$LOCALIZE[20416]:  [/COLOR]]</value>
	</variable>
	<variable name="ShiftRightTextBoxVar">
		<value condition="Window.IsActive(pictures)">$INFO[ListItem.Size,[COLOR button_focus]$LOCALIZE[289]:  [/COLOR],[CR]]$INFO[ListItem.PictureAperture,[COLOR button_focus]$LOCALIZE[21826]:  [/COLOR],[CR]]$INFO[ListItem.PictureFocalLen,[COLOR button_focus]$LOCALIZE[21827]:  [/COLOR],[CR]]$INFO[ListItem.PictureExpTime,[COLOR button_focus]$LOCALIZE[21830]:  [/COLOR],[CR]]$INFO[ListItem.Date,[COLOR button_focus]$LOCALIZE[552]:  [/COLOR],[CR]]</value>
		<value condition="Container.Content(artists)">$INFO[ListItem.Property(artist_description)]</value>
		<value condition="Container.Content(albums)">$INFO[ListItem.Property(album_description)]</value>
		<value>$INFO[ListItem.Plot]</value>
	</variable>
	<variable name="SelectLabel">
		<value condition="Control.IsVisible(3)">[COLOR=button_focus]$INFO[Container(3).NumItems][/COLOR] $LOCALIZE[31036] - $LOCALIZE[31035] [COLOR=button_focus]$INFO[Container(3).CurrentPage]/$INFO[Container(3).NumPages][/COLOR]</value>
		<value condition="Control.IsVisible(6)">[COLOR=button_focus]$INFO[Container(6).NumItems][/COLOR] $LOCALIZE[31036] - $LOCALIZE[31035] [COLOR=button_focus]$INFO[Container(6).CurrentPage]/$INFO[Container(6).NumPages][/COLOR]</value>
	</variable>
	<variable name="BannerArtVar">
		<value condition="StringCompare(ListItem.Label,..)">DefaultBackBanner.png</value>
		<value condition="!IsEmpty(ListItem.Art(banner))">$INFO[ListItem.Art(banner)]</value>
		<value>$INFO[ListItem.Art(fanart)]</value>
	</variable>
	<variable name="FanartImageVar">
		<value condition="StringCompare(ListItem.Label,..)">special://skin/extras/home-images/movie.jpg</value>
		<value>$INFO[ListItem.Art(fanart)]</value>
	</variable>
	<variable name="MusicInfoListHeaderVar">
		<value condition="Container.Content(albums)">$LOCALIZE[31037]</value>
		<value>$LOCALIZE[21888]</value>
	</variable>
	<variable name="MusicInfoListLabelVar">
		<value condition="Container.Content(artists)">$INFO[ListItem.Label]</value>
		<value>$INFO[ListItem.TrackNumber,[COLOR button_focus],: [/COLOR]]$INFO[ListItem.Label]</value>
	</variable>
	<variable name="ListBoxInfoVar">
		<value condition="Container.Content(addons)">$INFO[ListItem.Property(Addon.Description)]</value>
		<value condition="Container.Content(albums)">$INFO[ListItem.Genre,[COLOR button_focus]$LOCALIZE[515]: [/COLOR],[CR]]</value>
		<value condition="Container.Content(mixed)">$INFO[ListItem.Genre,[COLOR button_focus]$LOCALIZE[515]: [/COLOR],[CR]]$INFO[ListItem.Plot]</value>
		<value condition="Container.Content(artists) + !Window.IsActive(musicinformation)">$INFO[ListItem.Property(artist_genre),[COLOR button_focus]$LOCALIZE[515]: [/COLOR],[CR]]$INFO[ListItem.Property(artist_description)]</value>
		<value condition="Container.Content(artists)">$INFO[ListItem.Property(artist_genre),[COLOR button_focus]$LOCALIZE[515]: [/COLOR],[CR]]$INFO[ListItem.Property(artist_mood),[COLOR button_focus]$LOCALIZE[175]: [/COLOR],[CR]]</value>
		<value condition="Container.Content(songs)">$INFO[ListItem.Genre,[COLOR button_focus]$LOCALIZE[515]: [/COLOR],[CR]]$INFO[ListItem.Duration,[COLOR button_focus]$LOCALIZE[180]: [/COLOR],[CR]]$INFO[ListItem.Playcount,[COLOR button_focus]$LOCALIZE[567]: [/COLOR],[CR]]</value>
		<value>$INFO[ListItem.Genre,[COLOR button_focus]$LOCALIZE[515]: [/COLOR],[CR]]</value>
	</variable>
	<variable name="TVShowWidgetImageVar">
		<value condition="StringCompare(ListItem.Label,..)">DefaultBackFanart.png</value>
		<value condition="!IsEmpty(ListItem.Art(landscape))">$INFO[ListItem.Art(landscape)]</value>
		<value>$INFO[ListItem.Art(fanart)]</value>
	</variable>
	<variable name="ListInfoBoxImageVar">
		<value condition="StringCompare(ListItem.Label,..)">DefaultFolderBack.png</value>
		<value condition="Container.Content(episodes)">$INFO[ListItem.Art(thumb)]</value>
		<value>$INFO[ListItem.Art(fanart)]</value>
	</variable>
	<variable name="AddonsLabel2Var">
		<value condition="ListItem.Property(addon.downloading)">$INFO[ListItem.Property(addon.status)]</value>
		<value condition="!Stringcompare(Container.SortMethod,$LOCALIZE[551])">$INFO[ListItem.Label2]</value>
		<value>$INFO[ListItem.Property(Addon.Creator),, - ]$INFO[ListItem.Property(Addon.Version)]</value>
	</variable>
	<variable name="AddonsListIconVar">
		<!-- <value condition="!IsEmpty(ListItem.Property(Addon.Broken))">icons/infodialogs/update.png</value>
		<value condition="!IsEmpty(ListItem.Property(addon.orphaned))">icons/infodialogs/update.png</value> -->
		<value condition="StringCompare(ListItem.Label,..)">-</value>
		<value condition="ListItem.Property(addon.downloading)">icons/addonstatus/install.png</value>
		<value condition="ListItem.Property(addon.installed) + !ListItem.Property(addon.enabled) + Window.IsActive(addonbrowser)">icons/addonstatus/disable.png</value>
		<value condition="ListItem.Property(addon.updateavail)">icons/addonstatus/update.png</value>
		<value condition="ListItem.Property(addon.installed)">OverlayWatched.png</value>
		<value>OverlayUnwatched.png</value>
	</variable>
	<variable name="AudioDSPIconVar">
		<value condition="!IsEmpty(ADSP.MasterOverrideIcon)">$INFO[ADSP.MasterOverrideIcon]</value>
		<value condition="Player.HasVideo">$INFO[VideoPlayer.AudioCodec,flags/audiocodec/,.png]</value>
		<value condition="Player.HasAudio">$INFO[MusicPlayer.Codec,flags/audiocodec/,.png]</value>
	</variable>
	<variable name="ResolutionFlagVar">
		<value condition="ListItem.IsStereoscopic">flags/videoresolution/3D.png</value>
		<value condition="IntegerGreaterThan(ListItem.VideoResolution,1080)">flags/videoresolution/4K.png</value>
		<value>$INFO[ListItem.VideoResolution,flags/videoresolution/,.png]</value>
	</variable>
	<variable name="BannerVar">
		<value condition="!IsEmpty(ListItem.Art(banner))">$INFO[ListItem.Art(banner)]</value>
		<value>$INFO[ListItem.Art(tvshow.banner)]</value>
	</variable>
	<variable name="PosterVar">
		<value condition="StringCompare(ListItem.Label,..)">DefaultFolderBack.png</value>
		<value condition="!IsEmpty(Container.Art(season.poster)) + Container.Content(episodes)">$INFO[Container.Art(season.poster)]</value>
		<value condition="!IsEmpty(Container.Art(tvshow.poster)) + Container.Content(episodes)">$INFO[Container.Art(tvshow.poster)]</value>
		<value condition="!IsEmpty(Container.Art(tvshow.poster)) + Container.Content(seasons) + Window.IsActive(movieinformation)">$INFO[Container.Art(tvshow.poster)]</value>
		<value condition="Container.Content(actors) | Container.Content(directors)">$INFO[Container.ListItem.Art(thumb)]</value>
		<value condition="!IsEmpty(ListItem.Art(tvshow.poster)) + !Container.Content(seasons)">$INFO[ListItem.Art(tvshow.poster)]</value>
		<value>$INFO[ListItem.Art(poster)]</value>
	</variable>
	<variable name="ListPosterVar">
		<value condition="StringCompare(ListItem.Label,..)">DefaultFolderBack.png</value>
		<value>$INFO[ListItem.Art(poster)]</value>
	</variable>
	<variable name="BannerLabel2Var">
		<value condition="Stringcompare(Listitem.DBType,tvshow)">$INFO[ListItem.Property(WatchedEpisodes)]$INFO[ListItem.Property(TotalEpisodes), / ,]</value>
		<!-- <value>$INFO[ListItem.Year]</value> -->		
	</variable>
	<variable name="VideoPlayerForwardRewindVar">
		<value condition="Player.Forwarding2x | Player.Rewinding2x">2x</value>
		<value condition="Player.Forwarding4x | Player.Rewinding4x">4x</value>
		<value condition="Player.Forwarding8x | Player.Rewinding8x">8x</value>
		<value condition="Player.Forwarding16x | Player.Rewinding16x">16x</value>
		<value condition="Player.Forwarding32x | Player.Rewinding32x">32x</value>
	</variable>
	<variable name="SeekLabel">
		<value condition="[Player.Paused + !Player.Caching] + !Player.Seeking + !Player.DisplayAfterSeek">$LOCALIZE[112]</value>
		<value condition="!IsEmpty(Player.SeekStepSize) + ![player.forwarding | player.rewinding]">$LOCALIZE[773][COLOR=grey] $INFO[Player.SeekStepSize][/COLOR]</value>
		<value condition="Player.DisplayAfterSeek + ![player.forwarding | player.rewinding]">$LOCALIZE[773][COLOR=grey] $INFO[Player.SeekOffset][/COLOR]</value>
		<value condition="!Player.DisplayAfterSeek + Player.Seeking">$LOCALIZE[773]</value>
		<value condition="Player.Forwarding">$LOCALIZE[31039] $VAR[VideoPlayerForwardRewindVar]</value>
		<value condition="Player.Rewinding">$LOCALIZE[31038] $VAR[VideoPlayerForwardRewindVar]</value>
	</variable>
	<variable name="SeekTimeLabelVar">
		<value condition="Player.Seeking">$INFO[Player.SeekTime]$INFO[Player.Duration, / ]</value>
		<value>$INFO[Player.Time]$INFO[Player.Duration, / ]</value>
	</variable>
	<variable name="VideoOSDHelpTextVar">
		<value condition="Control.HasFocus(87) + [Player.Rewinding | Player.Forwarding]">$LOCALIZE[31050]</value>
		<value condition="Control.HasFocus(70011)">$LOCALIZE[20060]</value>
		<value condition="Control.HasFocus(700)">$LOCALIZE[298]</value>
		<value condition="Control.HasFocus(703)">$LOCALIZE[31106]</value>
		<value condition="Control.HasFocus(704)">$LOCALIZE[24012]</value>
		<value condition="Control.HasFocus(804)">$LOCALIZE[31092]</value>
		<value condition="Control.HasFocus(70040)">$LOCALIZE[19019]</value>
		<value condition="Control.HasFocus(70041)">$LOCALIZE[19069]</value>
		<value condition="Control.HasFocus(70043)">$LOCALIZE[5]</value>
		<value condition="Control.HasFocus(255)">$LOCALIZE[36501]</value>
		<value condition="Control.HasFocus(606)">$LOCALIZE[264]</value>
		<value condition="ControlGroup(6000).HasFocus + Player.SeekEnabled">$LOCALIZE[31054]</value>
	</variable>
	<variable name="MusicOSDHelpTextVar">
		<!-- <value condition="Control.HasFocus(620)">$LOCALIZE[31033]$INFO[MusicPlayer.UserRating, : ]</value> -->
		<value condition="Control.HasFocus(704)">$LOCALIZE[486]$INFO[Playlist.Repeat, : ]</value>
		<value condition="Control.HasFocus(607)">$LOCALIZE[590]$INFO[Playlist.Random, : ]</value>
		<value condition="Control.HasFocus(703)">$LOCALIZE[24013]</value>
		<value condition="Control.HasFocus(5000)">$LOCALIZE[10004]</value>
	</variable>
	<variable name="SkinSettingsHelpTextVar">
		<value condition="Container(9000).HasFocus(1)">$LOCALIZE[31129]</value>
		<value condition="Container(9000).HasFocus(2)">$LOCALIZE[31130]</value>
	</variable>
	<variable name="DSPManagerHelpTextVar">
		<value condition="Control.HasFocus(20)">$INFO[Container(20).ListItem.Property(Description)]</value>
		<value condition="Control.HasFocus(21)">$INFO[Container(21).ListItem.Property(Description)]</value>
		<value>$INFO[Container(9000).ListItem.Label2]</value>
	</variable>
	<variable name="VolumeIconVar">
		<value condition="IntegerGreaterThan(Control.GetLabel(20),66)">dialogs/volume/volume.png</value>
		<value condition="IntegerGreaterThan(Control.GetLabel(20),33)">dialogs/volume/volume2.png</value>
		<value condition="player.passthrough">dialogs/volume/volume.png</value>
		<value condition="Player.Muted">dialogs/volume/mute.png</value>
		<value>dialogs/volume/volume1.png</value>
	</variable>
	<variable name="ListSubLabelVar">
		<value condition="ListItem.IsCollection">$INFO[Container(5000).NumItems]</value>
		<value>$INFO[ListItem.Year]</value>
	</variable>
	<variable name="VideoInfoMainLabelVar">
		<value condition="!IsEmpty(ListItem.Title)">$INFO[ListItem.Title]$INFO[ListItem.Year, ([COLOR grey],[/COLOR])]</value>
		<value>$INFO[ListItem.Label]$INFO[ListItem.Year, ([COLOR grey],[/COLOR])]</value>
	</variable>
	<variable name="VideoInfoSubLabelVar">
		<value condition="Stringcompare(ListItem.DBType,episode)">$INFO[ListItem.Season]$INFO[ListItem.Episode,[COLOR grey]x[/COLOR],: ]$INFO[ListItem.TVShowTitle]</value>
		<value condition="Stringcompare(ListItem.DBType,movie)">$INFO[ListItem.Tagline]</value>
		<value>$INFO[ListItem.Genre]</value>
	</variable>
	<variable name="OSDSubLabelVar">
		<value condition="VideoPlayer.Content(episodes)">$INFO[VideoPlayer.Season,[COLOR button_focus]S,[/COLOR]]$INFO[VideoPlayer.Episode,[COLOR button_focus]E,: [/COLOR]]$INFO[VideoPlayer.TVShowTitle]</value>
		<value>$INFO[VideoPlayer.Genre]</value>
	</variable>
	<variable name="AddonsFanartVar">
		<value condition="Skin.HasSetting(no_fanart)">$VAR[GlobalFanartVar]</value>
		<value condition="Window.IsActive(musicinformation) | Window.IsActive(movieinformation) | Window.IsActive(addoninformation) | Window.IsActive(pvrguideinfo) | Window.IsActive(pvrrecordinginfo) | Window.IsActive(pictureinfo) | Window.IsVisible(script-ExtendedInfo Script-DialogVideoInfo.xml) | Window.IsVisible(script-ExtendedInfo Script-DialogInfo.xml) | Window.IsVisible(script-ExtendedInfo Script-VideoList.xml)">$INFO[Window(home).Property(infobackground)]</value>
		<value condition="!IsEmpty(Container(500).ListItem.Art(fanart)) + Control.HasFocus(500)">$INFO[Container(500).ListItem.Art(fanart)]</value>
		<value condition="!IsEmpty(Container(501).ListItem.Art(fanart)) + Control.HasFocus(501)">$INFO[Container(501).ListItem.Art(fanart)]</value>
		<value condition="!IsEmpty(Container(502).ListItem.Art(fanart)) + Control.HasFocus(502)">$INFO[Container(502).ListItem.Art(fanart)]</value>
		<value condition="!IsEmpty(Container(503).ListItem.Art(fanart)) + Control.HasFocus(503)">$INFO[Container(503).ListItem.Art(fanart)]</value>
		<value condition="!IsEmpty(Container(504).ListItem.Art(fanart)) + Control.HasFocus(504)">$INFO[Container(504).ListItem.Art(fanart)]</value>
		<value condition="!IsEmpty(Container(505).ListItem.Art(fanart)) + Control.HasFocus(505)">$INFO[Container(505).ListItem.Art(fanart)]</value>
		<value condition="!IsEmpty(Skin.String(HomeFanart.path))">$INFO[Skin.String(HomeFanart.path)]$INFO[Container(9000).ListItem.Property(id)]$INFO[Skin.String(HomeFanart.ext)]</value>
		<value>-</value>
	</variable>
	<variable name="HomeFanartVar">
		<value condition="Skin.HasSetting(no_fanart)">$VAR[GlobalFanartVar]</value>
		<value condition="Window.IsActive(musicinformation) | Window.IsActive(movieinformation) | Window.IsActive(addoninformation) | Window.IsActive(pvrguideinfo) | Window.IsActive(pvrrecordinginfo) | Window.IsActive(pictureinfo) | Window.IsVisible(script-ExtendedInfo Script-DialogVideoInfo.xml) | Window.IsVisible(script-ExtendedInfo Script-DialogInfo.xml) | Window.IsVisible(script-ExtendedInfo Script-VideoList.xml)">$INFO[Window(home).Property(infobackground)]</value>
		<value condition="!IsEmpty(Container(5100).ListItem.Art(fanart)) + Control.HasFocus(5100)">$INFO[Container(5100).ListItem.Art(fanart)]</value>
		<value condition="!IsEmpty(Container(5200).ListItem.Art(fanart)) + Control.HasFocus(5200)">$INFO[Container(5200).ListItem.Art(fanart)]</value>
		<value condition="!IsEmpty(Container(5300).ListItem.Art(fanart)) + Control.HasFocus(5300)">$INFO[Container(5300).ListItem.Art(fanart)]</value>
		<value condition="!IsEmpty(Container(5400).ListItem.Art(fanart)) + Control.HasFocus(5400)">$INFO[Container(5400).ListItem.Art(fanart)]</value>
		<value condition="!IsEmpty(Container(6100).ListItem.Art(fanart)) + Control.HasFocus(6100)">$INFO[Container(6100).ListItem.Art(fanart)]</value>
		<value condition="!IsEmpty(Container(6200).ListItem.Art(fanart)) + Control.HasFocus(6200)">$INFO[Container(6200).ListItem.Art(fanart)]</value>
		<value condition="!IsEmpty(Container(6300).ListItem.Art(fanart)) + Control.HasFocus(6300)">$INFO[Container(6300).ListItem.Art(fanart)]</value>
		<value condition="!IsEmpty(Container(6400).ListItem.Art(fanart)) + Control.HasFocus(6400)">$INFO[Container(6400).ListItem.Art(fanart)]</value>
		<value condition="!IsEmpty(Container(7100).ListItem.Art(fanart)) + Control.HasFocus(7100)">$INFO[Container(7100).ListItem.Art(fanart)]</value>
		<value condition="!IsEmpty(Container(7200).ListItem.Art(fanart)) + Control.HasFocus(7200)">$INFO[Container(7200).ListItem.Art(fanart)]</value>
		<value condition="!IsEmpty(Container(7300).ListItem.Art(fanart)) + Control.HasFocus(7300)">$INFO[Container(7300).ListItem.Art(fanart)]</value>
		<value condition="!IsEmpty(Container(7400).ListItem.Art(fanart)) + Control.HasFocus(7400)">$INFO[Container(7400).ListItem.Art(fanart)]</value>
		<value condition="!IsEmpty(Container(8100).ListItem.Art(fanart)) + Control.HasFocus(8100)">$INFO[Container(8100).ListItem.Art(fanart)]</value>
		<value condition="!IsEmpty(Container(8200).ListItem.Art(fanart)) + Control.HasFocus(8200)">$INFO[Container(8200).ListItem.Art(fanart)]</value>
		<value condition="!IsEmpty(Container(8300).ListItem.Art(fanart)) + Control.HasFocus(8300)">$INFO[Container(8300).ListItem.Art(fanart)]</value>
		<value condition="!IsEmpty(Container(8400).ListItem.Art(fanart)) + Control.HasFocus(8400)">$INFO[Container(8400).ListItem.Art(fanart)]</value>
		<value condition="!IsEmpty(Container(8500).ListItem.Art(fanart)) + Control.HasFocus(8500)">$INFO[Container(8500).ListItem.Art(fanart)]</value>
		<value condition="!IsEmpty(Container(15100).ListItem.Property(FanartCode)) + Control.HasFocus(15100)">$INFO[Skin.String(WeatherFanart.path)]$INFO[Container(15100).ListItem.Property(FanartCode)]</value>
		<value condition="!IsEmpty(Container(15200).ListItem.Property(FanartCode)) + Control.HasFocus(15200)">$INFO[Skin.String(WeatherFanart.path)]$INFO[Container(15200).ListItem.Property(FanartCode)]</value>
		<value condition="!IsEmpty(Skin.String(HomeFanart.path))">$INFO[Skin.String(HomeFanart.path)]$INFO[Container(9000).ListItem.Property(id)]$INFO[Skin.String(HomeFanart.ext)]</value>
		<value>-</value>
	</variable>
	<variable name="MediaFanartVar">
		<value condition="Skin.HasSetting(no_fanart)">$VAR[GlobalFanartVar]</value>
		<value condition="Window.IsActive(musicinformation) | Window.IsActive(movieinformation) | Window.IsActive(addoninformation) | Window.IsActive(pvrguideinfo) | Window.IsActive(pvrrecordinginfo) | Window.IsActive(pictureinfo) | Window.IsVisible(script-ExtendedInfo Script-DialogVideoInfo.xml) | Window.IsVisible(script-ExtendedInfo Script-DialogInfo.xml) | Window.IsVisible(script-ExtendedInfo Script-VideoList.xml)">$INFO[Window(home).Property(infobackground)]</value>
		<value condition="Window.IsActive(pictures) + IsEmpty(ListItem.Art(fanart))">$INFO[ListItem.FolderPath]</value>
		<value condition="!IsEmpty(Container.Art(tvshow.fanart))">$INFO[Container.Art(tvshow.fanart)]</value>
		<value condition="!IsEmpty(Container.Art(artist.fanart))">$INFO[Container.Art(artist.fanart)]</value>
		<value condition="!IsEmpty(Container.Art(fanart))">$INFO[Container.Art(fanart)]</value>
		<value>$INFO[ListItem.Art(fanart)]</value>
	</variable>
	<variable name="WeatherFanartVar">
		<value condition="!IsEmpty(Window(weather).Property(current.fanartcode)) + Skin.HasSetting(WeatherFanart.multi)">$INFO[Skin.String(WeatherFanart.path)]$INFO[Window(weather).Property(current.fanartcode)]</value>
		<value>$INFO[Skin.String(WeatherFanart.path)]$INFO[Window(weather).Property(fanartcode)]$INFO[Skin.String(WeatherFanart.ext)]</value>
	</variable>
	<variable name="ListWatchedIconVar">
		<value condition="ListItem.IsPlaying">overlays/watched/OverlayPlaying-List.png</value>
		<value condition="StringCompare(ListItem.Label,..)">-</value>
			<value condition="ListItem.IsResumable">overlays/watched/resume.png</value>
		<value condition="!IsEmpty(ListItem.Overlay)">$INFO[ListItem.Overlay]</value>
		<value>OverlayUnwatched.png</value>
	</variable>
	<variable name="SettingsSectionIcon">
		<value condition="Window.IsActive(picturessettings)">icons/settings/pictures.png</value>
		<value condition="Window.IsActive(programssettings)">icons/settings/programs.png</value>
		<value condition="Window.IsActive(weathersettings)">icons/settings/weather.png</value>
		<value condition="Window.IsActive(musicsettings)">icons/settings/music.png</value>
		<value condition="Window.IsActive(systemsettings)">icons/settings/system.png</value>
		<value condition="Window.IsActive(videossettings)">icons/settings/video.png</value>
		<value condition="Window.IsActive(servicesettings)">icons/settings/network.png</value>
		<value condition="Window.IsActive(appearancesettings)">icons/settings/appearance.png</value>
		<value condition="Window.IsActive(pvrsettings)">icons/settings/livetv.png</value>
	</variable>
	<!-- Breadcrumbs -->
	<variable name="BreadcrumbsVideoVar">
		<value condition="Container.Content(movies) | Substring(container.folderpath,library://video/movies/,left) | Substring(container.folderpath,videodb://movies,left)">$LOCALIZE[20342]</value>
		<value condition="Container.Content(musicvideos) | Substring(container.folderpath,library://video/musicvideos/,left) | Substring(container.folderpath,videodb://musicvideos,left)">$LOCALIZE[20389]</value>
		<value condition="Container.Content(tvshows) | Substring(container.folderpath,library://video/tvshows/,left) | Substring(container.folderpath,videodb://tvshows,left)">$LOCALIZE[20343]</value>
		<value condition="Container.Content(seasons)">$LOCALIZE[20343]</value>
		<value condition="Container.Content(episodes)">$LOCALIZE[20343]</value>
		<value>$LOCALIZE[3]</value>
	</variable>
	<variable name="BreadcrumbsPVRTimerVar">
		<!-- <value condition="Window.IsActive(TVTimers) | Window.IsActive(RadioTimers)">$LOCALIZE[84102]</value> -->
		<value>$LOCALIZE[19040]</value>
	</variable>
	<variable name="RepeatButtonColordiffuseVar">
		<value condition="Control.HasFocus(704)">button_focus</value>
		<value>FFFFFFFF</value>
	</variable>
	<variable name="BottomBarPageLabel">
		<value condition="Control.HasFocus(600) | Control.HasFocus(50600) | Control.HasFocus(502600) | Control.HasFocus(5199) | Control.HasFocus(531) | Control.HasFocus(533)">[COLOR button_focus]$INFO[Container.CurrentPage,, / ]$INFO[Container.NumPages][/COLOR]</value>
		<value>$INFO[Container.CurrentItem,, / ]$INFO[Container.NumItems]</value>
	</variable>
	<variable name="PVRChannelMgrHeader">
		<value condition="!IsEmpty(Window.Property(IsRadio))">$LOCALIZE[19199] - $LOCALIZE[19024]</value>
		<value>$LOCALIZE[19199] - $LOCALIZE[19023]</value>
	</variable>
	<variable name="FileManagerImageVar">
		<!-- <value condition="Control.HasFocus(20) + Container(20).ListItem.IsFolder">DefaultFolderSquare.png</value>
		<value condition="Control.HasFocus(21) + Container(21).ListItem.IsFolder">DefaultFolderSquare.png</value> -->
		<value condition="Control.HasFocus(21)">$INFO[Container(21).ListItem.FolderPath]</value>
		<value condition="Control.HasFocus(20)">$INFO[Container(20).ListItem.FolderPath]</value>
	</variable>
	<variable name="PVRAreaVar">
		<value condition="Control.HasFocus(100)">$LOCALIZE[19019]</value>
		<value condition="Control.HasFocus(101)">$LOCALIZE[19069]</value>
		<value condition="Control.HasFocus(102)">$LOCALIZE[19017]</value>
		<value condition="Control.HasFocus(103)">$LOCALIZE[19040]</value>
		<value condition="Control.HasFocus(104)">$LOCALIZE[84102]</value>
		<value condition="Control.HasFocus(105)">$LOCALIZE[137]</value>
	</variable>
	<variable name="PlayerControlsRepeatImageVar">
		<value condition="Playlist.IsRepeatOne">osd/fullscreen/buttons/repeat-one.png</value>
		<value condition="Playlist.IsRepeat">osd/fullscreen/buttons/repeat-all.png</value>
		<value>osd/fullscreen/buttons/repeat-off.png</value>
	</variable>
	<variable name="PlayerLabel1">
		<value condition="Player.HasVideo">$INFO[VideoPlayer.Title]</value>
		<value condition="Player.HasAudio">$INFO[MusicPlayer.Artist]</value>
	</variable>
	<variable name="PlayerLabel2">
		<value condition="VideoPlayer.Content(episodes)">$LOCALIZE[20373]$INFO[VideoPlayer.Season,: , / ]$LOCALIZE[20359]$INFO[VideoPlayer.Episode,: ]</value>
		<value condition="VideoPlayer.Content(movies)">$INFO[VideoPlayer.Year]</value>
		<value condition="VideoPlayer.Content(livetv)">$INFO[VideoPlayer.ChannelName]</value>
		<value condition="Player.HasAudio">[COLOR grey]$INFO[MusicPlayer.Album][/COLOR]$INFO[MusicPlayer.Year, [,] ]</value>
	</variable>
	<variable name="PlayerLabel3">
		<value condition="VideoPlayer.Content(episodes)">$INFO[VideoPlayer.TvShowTitle]</value>
		<value condition="VideoPlayer.Content(movies) | VideoPlayer.Content(livetv)">$INFO[VideoPlayer.Genre]</value>
		<value condition="Player.HasAudio">$INFO[MusicPlayer.TrackNumber,,: ][COLOR=grey]$INFO[Player.Title][/COLOR]</value>
	</variable>
	<variable name="PVRTimerIcon">
		<value condition="ListItem.IsRecording">icons/pvr/PVR-IsRecording.png</value>
		<value condition="ListItem.HasTimerSchedule + ListItem.TimerHasError">icons/pvr/PVR-HasTimerScheduleError.png</value>
		<value condition="ListItem.HasTimer + ListItem.TimerHasError">icons/pvr/PVR-HasTimerError.png</value>
		<value condition="ListItem.HasTimerSchedule + ListItem.TimerHasConflict">icons/pvr/PVR-HasTimerScheduleConflict.png</value>
		<value condition="ListItem.HasTimer + ListItem.TimerHasConflict">icons/pvr/PVR-HasTimerConflict.png</value>
		<value condition="ListItem.HasRecording">icons/pvr/PVR-HasRecording.png</value>
		<value condition="ListItem.HasTimerSchedule + !ListItem.TimerIsActive">icons/pvr/PVR-HasTimerScheduleDisabled.png</value>
		<value condition="ListItem.HasTimer + !ListItem.TimerIsActive">icons/pvr/PVR-HasTimerDisabled.png</value>
		<value condition="ListItem.HasTimerSchedule">icons/pvr/PVR-HasTimerSchedule.png</value>
		<value condition="ListItem.HasTimer">icons/pvr/PVR-HasTimer.png</value>
	</variable>
</includes>
