<favourites>
	<favourite name="World News" thumb="special://home/addons\plugin.video.YouTube_Vault\resources\img\News.png">ActivateWindow(10025,&quot;plugin://plugin.video.YouTube_Vault/?mode=1&amp;name=World%20News%20(Top%20Stories)&amp;url=PLr1-FC1l_JLFcq9r9Y3uFLkH8G37WmMRQ&quot;,return)</favourite>
	<favourite name="National News" thumb="special://home/addons\plugin.video.YouTube_Vault\resources\img\News.png">ActivateWindow(10025,&quot;plugin://plugin.video.YouTube_Vault/?mode=1&amp;name=National%20News%20(Top%20Stories)&amp;url=PLNjtpXOAJhQLmUEyuWw4hW_6gX8JMJUof&quot;,return)</favourite>
	<favourite name="ABC News" thumb="https://yt3.ggpht.com/-vFNoLd1HnDs/AAAAAAAAAAI/AAAAAAAAAAA/Yt468AF7XKE/s240-c-k-no-rj-c0xffffff/photo.jpg">ActivateWindow(10025,&quot;plugin://plugin.video.youtube/channel/UCBi2mrWuNuyYy4gbM6fU18Q/&quot;,return)</favourite>
	<favourite name="CNN" thumb="special://home/addons\plugin.video.YouTube_Vault\resources\img\News.png">ActivateWindow(10025,&quot;plugin://plugin.video.YouTube_Vault/?mode=1&amp;name=Cnn%20(Top%20Stories)&amp;url=PL6XRrncXkMaV2KPi6KHFAGE6VLSibWe2P&quot;,return)</favourite>
	<favourite name="NBC News" thumb="special://home/addons\plugin.video.YouTube_Vault\resources\img\News.png">ActivateWindow(10025,&quot;plugin://plugin.video.YouTube_Vault/?mode=1&amp;name=Nbc%20News%20(Top%20stories)&amp;url=PL0tDb4jw6kPxZ7ZJtMk6gqiQIU-nMeaVS&quot;,return)</favourite>
	<favourite name="ABC News" thumb="special://home/addons\plugin.video.YouTube_Vault\resources\img\News.png">ActivateWindow(10025,&quot;plugin://plugin.video.YouTube_Vault/?mode=1&amp;name=ABC%20(World%20News)&amp;url=PL5E6638EB9ECF2329&quot;,return)</favourite>
	<favourite name="FOX News" thumb="special://home/addons\plugin.video.YouTube_Vault\resources\img\News.png">ActivateWindow(10025,&quot;plugin://plugin.video.YouTube_Vault/?mode=1&amp;name=Fox%20News%20(Latest%20Politics)&amp;url=PLlTLHnxSVuIyeEZPBIQF_krewJkY2JSwi&quot;,return)</favourite>
	<favourite name="CBS News" thumb="special://home/addons\plugin.video.YouTube_Vault\resources\img\News.png">ActivateWindow(10025,&quot;plugin://plugin.video.YouTube_Vault/?mode=1&amp;name=Cbs%20News%20(TOP%20STORIES)&amp;url=PLEb3ThbkPrFabMf542Iic5Hxw2xlrgusX&quot;,return)</favourite>
	<favourite name="NBC News" thumb="https://yt3.ggpht.com/-xiyVh-oNzJE/AAAAAAAAAAI/AAAAAAAAAAA/5FaR9rGW-F4/s240-c-k-no-rj-c0xffffff/photo.jpg">ActivateWindow(10025,&quot;plugin://plugin.video.youtube/channel/UCeY0bbntWzzVIaj2z3QigXg/&quot;,return)</favourite>
	
	<favourite name="FOX News OnDemand" thumb="https://yt3.ggpht.com/-hWfA4bcw9-0/AAAAAAAAAAI/AAAAAAAAAAA/vIRaFanM9JE/s240-c-k-no/photo.jpg">PlayMedia(&quot;plugin://plugin.video.youtube/user/foxnewschannel/&quot;,isdir)?sf_options=winID%3D10025%26_options_sf&quot;)</favourite>
	
	
	<favourite name="World News Tonight" thumb="http://cdn1.edgedatg.com/aws/v2/abc/WorldNews/showimages/09f71d630504dbd0cc785eeca9448c0e/634x848-Q90_09f71d630504dbd0cc785eeca9448c0e.jpg">ActivateWindow(10025,&quot;plugin://plugin.video.wabc/?mode=GE&amp;url=%2fshows%2fworld-news-tonight&quot;,isdir)</favourite>
	<favourite name="World News Tonight Weekend" thumb="http://cdn1.edgedatg.com/aws/v2/abc/WorldNewsWeekend/showimages/5484f9837fffad8eb358d6c7fa4e0199/634x848-Q90_5484f9837fffad8eb358d6c7fa4e0199.jpg">ActivateWindow(10025,&quot;plugin://plugin.video.wabc/?mode=GE&amp;url=%2fshows%2fworld-news-tonight-weekend&quot;,isdir)</favourite>
</favourites>