<favourites>
	<favourite name="Dumb and Dumber" thumb="http://www.funniermoments.com/uploads/tm_category_img/185_category_img_th.jpg">ActivateWindow(10025,&quot;plugin://plugin.video.funniermoments/?image=C%3a%5ckodi15f%5cportable_data%5caddons%5cplugin.video.funniermoments%5cicon.png&amp;mode=500&amp;page=1&amp;title=Dumb%20and%20Dumber%20(13%20videos)&amp;url=http%3a%2f%2fwww.funniermoments.com%2fbrowse-dumbanddumber-videos-1-date.html&amp;sf_options=&quot;,return)</favourite>
	<favourite name="The Flintstones" thumb="http://sharetv.com/images/the_flintstone_comedy_show-show.jpg">ActivateWindow(10025,&quot;plugin://plugin.video.funniermoments/?image=C%3a%5ckodi15f%5cportable_data%5caddons%5cplugin.video.funniermoments%5cicon.png&amp;mode=500&amp;page=1&amp;title=The%20Flintstones%20(167%20videos)&amp;url=http%3a%2f%2fwww.funniermoments.com%2fbrowse-flintstones-videos-1-date.html&amp;sf_options=&quot;,return)</favourite>
	<favourite name="The Flintstones Movies &amp; Specials" thumb="http://www.funniermoments.com/uploads/tm_category_img/76_category_img_th.jpg">ActivateWindow(10025,&quot;plugin://plugin.video.funniermoments/?image=C%3a%5ckodi15f%5cportable_data%5caddons%5cplugin.video.funniermoments%5cicon.png&amp;mode=500&amp;page=1&amp;title=The%20Flintstones%20Movies%20%26%20Specials%20(12%20videos)&amp;url=http%3a%2f%2fwww.funniermoments.com%2fbrowse-flintstonesms-videos-1-date.html&amp;sf_options=&quot;,return)</favourite>
	<favourite name="The Jetsons" thumb="http://www.funniermoments.com/uploads/tm_category_img/10_category_img_th.jpg">ActivateWindow(10025,&quot;plugin://plugin.video.funniermoments/?image=C%3a%5ckodi15f%5cportable_data%5caddons%5cplugin.video.funniermoments%5cicon.png&amp;mode=500&amp;page=1&amp;title=The%20Jetsons%20(77%20videos)&amp;url=http%3a%2f%2fwww.funniermoments.com%2fbrowse-jetsons-videos-1-date.html&amp;sf_options=&quot;,return)</favourite>
	<favourite name="The Pink Panther" thumb="http://www.supercartoons.net/images/characters/the-pink-panther.jpg">ActivateWindow(10025,&quot;plugin://plugin.video.supercartoons/?image=http%3a%2f%2fwww.supercartoons.net%2fimages%2fcharacters%2fthe-pink-panther.jpg&amp;mode=500&amp;page=1&amp;title=The%20Pink%20Panther&amp;url=http%3a%2f%2fwww.supercartoons.net%2fcharacter%2f26-1%2fthe-pink-panther.html&amp;sf_options=fanart%3Dspecial%3A%2F%2Fhome%2Faddons%5Cplugin.video.supercartoons%5Cfanart.jpg%26desc%3DPink+Panther+is+a+tall+and+skinny+pink+panther+with+carefree+and+laid-back+temperament.+Created+by+Blake+Edwards%2C+Friz+Freleng++and+Hawley+Pratt+in+1964.+Pink+Panther+was+first+created+for+the+need+of+the+live-action+movie+%26ldquo%3BThe+Pink+Panther%26rdquo%3B+%281964%29%2C+showing+at+the+opening+title.+The+movie+and+the+animated+titles+were+so+popular%2C+that+the+directors+instantly+decided+to+start+an+animated+show+staring+Pink+Panther.%26_options_sf&quot;,return)</favourite>
	<favourite name="The Addams Family (1973)" thumb="http://www.funniermoments.com/uploads/tm_category_img/58_category_img_th.jpg">ActivateWindow(10025,&quot;plugin://plugin.video.funniermoments/?image=C%3a%5ckodi15f%5cportable_data%5caddons%5cplugin.video.funniermoments%5cicon.png&amp;mode=500&amp;page=1&amp;title=The%20Addams%20Family%20(1973)%20(16%20videos)&amp;url=http%3a%2f%2fwww.funniermoments.com%2fbrowse-addamsfamily-videos-1-date.html&amp;sf_options=&quot;,return)</favourite>
	<favourite name="Richie Rich (1996)" thumb="http://www.funniermoments.com/uploads/tm_category_img/153_category_img_th.jpg">ActivateWindow(10025,&quot;plugin://plugin.video.funniermoments/?image=C%3a%5ckodi15f%5cportable_data%5caddons%5cplugin.video.funniermoments%5cicon.png&amp;mode=500&amp;page=1&amp;title=Richie%20Rich%20(1996)%20(12%20videos)&amp;url=http%3a%2f%2fwww.funniermoments.com%2fbrowse-richierich1996-videos-1-date.html&amp;sf_options=&quot;,return)</favourite>
</favourites>